radio_id,edad,total,mujeres,varones
063577301,0. __tot__,610,301.0,309.0
063577301,1. 00 A 04,68,30.0,38.0
063577301,2. 05 A 09,73,37.0,36.0
063577301,3. 10 A 14,59,29.0,30.0
063577301,4. 15 A 19,49,26.0,23.0
063577301,5. 20 A 24,59,32.0,27.0
063577301,6. 25 A 29,50,25.0,25.0
063577301,7. 30 A 34,33,18.0,15.0
063577301,8. 35 A 39,54,27.0,27.0
063577301,9. 40 A 44,37,19.0,18.0
063577301,10. 45 A 49,30,13.0,17.0
063577301,11. 50 A 54,18,8.0,10.0
063577301,12. 55 A 59,19,7.0,12.0
063577301,13. 60 A 64,17,7.0,10.0
063577301,14. 65 A 69,14,9.0,5.0
063577301,15. 70 A 74,12,5.0,7.0
063577301,16. 75 A 79,12,5.0,7.0
063577301,17. 80 A 84,3,2.0,1.0
063577301,18. 85 A 89,2,1.0,1.0
063577301,20. 95 A 99,1,1.0,
063577302,0. __tot__,230,114.0,116.0
063577302,1. 00 A 04,16,5.0,11.0
063577302,2. 05 A 09,22,15.0,7.0
063577302,3. 10 A 14,27,17.0,10.0
063577302,4. 15 A 19,22,10.0,12.0
063577302,5. 20 A 24,18,6.0,12.0
063577302,6. 25 A 29,20,12.0,8.0
063577302,7. 30 A 34,21,10.0,11.0
063577302,8. 35 A 39,16,11.0,5.0
063577302,9. 40 A 44,8,3.0,5.0
063577302,10. 45 A 49,11,5.0,6.0
063577302,11. 50 A 54,14,5.0,9.0
063577302,12. 55 A 59,8,4.0,4.0
063577302,13. 60 A 64,8,5.0,3.0
063577302,14. 65 A 69,10,4.0,6.0
063577302,15. 70 A 74,2,1.0,1.0
063577302,16. 75 A 79,6,1.0,5.0
063577302,17. 80 A 84,1,,1.0
063577303,0. __tot__,53,30.0,23.0
063577303,1. 00 A 04,2,1.0,1.0
063577303,2. 05 A 09,10,8.0,2.0
063577303,3. 10 A 14,4,2.0,2.0
063577303,4. 15 A 19,7,5.0,2.0
063577303,5. 20 A 24,2,1.0,1.0
063577303,6. 25 A 29,6,2.0,4.0
063577303,7. 30 A 34,2,1.0,1.0
063577303,8. 35 A 39,3,3.0,
063577303,9. 40 A 44,7,3.0,4.0
063577303,10. 45 A 49,2,,2.0
063577303,11. 50 A 54,1,,1.0
063577303,12. 55 A 59,3,3.0,
063577303,13. 60 A 64,2,,2.0
063577303,14. 65 A 69,1,1.0,
063577303,15. 70 A 74,1,,1.0
063577304,0. __tot__,661,324.0,337.0
063577304,1. 00 A 04,48,23.0,25.0
063577304,2. 05 A 09,62,31.0,31.0
063577304,3. 10 A 14,80,37.0,43.0
063577304,4. 15 A 19,67,40.0,27.0
063577304,5. 20 A 24,59,21.0,38.0
063577304,6. 25 A 29,53,27.0,26.0
063577304,7. 30 A 34,45,20.0,25.0
063577304,8. 35 A 39,48,22.0,26.0
063577304,9. 40 A 44,41,22.0,19.0
063577304,10. 45 A 49,32,16.0,16.0
063577304,11. 50 A 54,34,19.0,15.0
063577304,12. 55 A 59,19,9.0,10.0
063577304,13. 60 A 64,23,9.0,14.0
063577304,14. 65 A 69,13,7.0,6.0
063577304,15. 70 A 74,12,7.0,5.0
063577304,16. 75 A 79,14,7.0,7.0
063577304,17. 80 A 84,4,2.0,2.0
063577304,18. 85 A 89,2,2.0,
063577304,19. 90 A 94,3,2.0,1.0
063577304,20. 95 A 99,2,1.0,1.0
063577305,0. __tot__,971,499.0,472.0
063577305,1. 00 A 04,74,35.0,39.0
063577305,2. 05 A 09,95,52.0,43.0
063577305,3. 10 A 14,74,38.0,36.0
063577305,4. 15 A 19,96,50.0,46.0
063577305,5. 20 A 24,91,45.0,46.0
063577305,6. 25 A 29,95,58.0,37.0
063577305,7. 30 A 34,76,38.0,38.0
063577305,8. 35 A 39,64,31.0,33.0
063577305,9. 40 A 44,59,28.0,31.0
063577305,10. 45 A 49,47,21.0,26.0
063577305,11. 50 A 54,45,24.0,21.0
063577305,12. 55 A 59,43,22.0,21.0
063577305,13. 60 A 64,38,21.0,17.0
063577305,14. 65 A 69,34,18.0,16.0
063577305,15. 70 A 74,22,9.0,13.0
063577305,16. 75 A 79,9,4.0,5.0
063577305,17. 80 A 84,6,4.0,2.0
063577305,18. 85 A 89,2,1.0,1.0
063577305,22. 105 Y MÃS,1,,1.0
063577306,0. __tot__,27,11.0,16.0
063577306,1. 00 A 04,1,1.0,
063577306,2. 05 A 09,2,1.0,1.0
063577306,3. 10 A 14,3,1.0,2.0
063577306,4. 15 A 19,1,,1.0
063577306,5. 20 A 24,3,3.0,
063577306,6. 25 A 29,2,1.0,1.0
063577306,7. 30 A 34,8,2.0,6.0
063577306,9. 40 A 44,2,1.0,1.0
063577306,10. 45 A 49,2,1.0,1.0
063577306,12. 55 A 59,1,,1.0
063577306,13. 60 A 64,2,,2.0
063577307,0. __tot__,145,66.0,79.0
063577307,1. 00 A 04,5,4.0,1.0
063577307,2. 05 A 09,7,5.0,2.0
063577307,3. 10 A 14,9,6.0,3.0
063577307,4. 15 A 19,19,4.0,15.0
063577307,5. 20 A 24,15,4.0,11.0
063577307,6. 25 A 29,8,5.0,3.0
063577307,7. 30 A 34,13,7.0,6.0
063577307,8. 35 A 39,10,5.0,5.0
063577307,9. 40 A 44,8,4.0,4.0
063577307,10. 45 A 49,12,6.0,6.0
063577307,11. 50 A 54,6,1.0,5.0
063577307,12. 55 A 59,10,4.0,6.0
063577307,13. 60 A 64,8,5.0,3.0
063577307,14. 65 A 69,1,,1.0
063577307,15. 70 A 74,4,1.0,3.0
063577307,16. 75 A 79,4,3.0,1.0
063577307,17. 80 A 84,3,2.0,1.0
063577307,18. 85 A 89,1,,1.0
063577307,19. 90 A 94,2,,2.0
063577308,0. __tot__,230,106.0,124.0
063577308,1. 00 A 04,14,10.0,4.0
063577308,2. 05 A 09,30,10.0,20.0
063577308,3. 10 A 14,27,14.0,13.0
063577308,4. 15 A 19,15,8.0,7.0
063577308,5. 20 A 24,19,6.0,13.0
063577308,6. 25 A 29,13,10.0,3.0
063577308,7. 30 A 34,17,5.0,12.0
063577308,8. 35 A 39,17,9.0,8.0
063577308,9. 40 A 44,13,7.0,6.0
063577308,10. 45 A 49,20,11.0,9.0
063577308,11. 50 A 54,6,2.0,4.0
063577308,12. 55 A 59,7,3.0,4.0
063577308,13. 60 A 64,11,4.0,7.0
063577308,14. 65 A 69,6,1.0,5.0
063577308,15. 70 A 74,6,4.0,2.0
063577308,16. 75 A 79,8,2.0,6.0
063577308,18. 85 A 89,1,,1.0
063577309,0. __tot__,292,138.0,154.0
063577309,1. 00 A 04,26,11.0,15.0
063577309,2. 05 A 09,45,20.0,25.0
063577309,3. 10 A 14,32,16.0,16.0
063577309,4. 15 A 19,22,11.0,11.0
063577309,5. 20 A 24,20,9.0,11.0
063577309,6. 25 A 29,26,18.0,8.0
063577309,7. 30 A 34,27,10.0,17.0
063577309,8. 35 A 39,12,3.0,9.0
063577309,9. 40 A 44,21,10.0,11.0
063577309,10. 45 A 49,11,7.0,4.0
063577309,11. 50 A 54,14,11.0,3.0
063577309,12. 55 A 59,13,3.0,10.0
063577309,13. 60 A 64,12,5.0,7.0
063577309,14. 65 A 69,7,3.0,4.0
063577309,15. 70 A 74,2,,2.0
063577309,16. 75 A 79,1,,1.0
063577309,18. 85 A 89,1,1.0,
063577310,0. __tot__,993,546.0,447.0
063577310,1. 00 A 04,58,39.0,19.0
063577310,2. 05 A 09,74,38.0,36.0
063577310,3. 10 A 14,85,40.0,45.0
063577310,4. 15 A 19,101,58.0,43.0
063577310,5. 20 A 24,85,44.0,41.0
063577310,6. 25 A 29,70,41.0,29.0
063577310,7. 30 A 34,51,23.0,28.0
063577310,8. 35 A 39,60,35.0,25.0
063577310,9. 40 A 44,59,34.0,25.0
063577310,10. 45 A 49,69,45.0,24.0
063577310,11. 50 A 54,76,41.0,35.0
063577310,12. 55 A 59,69,38.0,31.0
063577310,13. 60 A 64,50,23.0,27.0
063577310,14. 65 A 69,36,16.0,20.0
063577310,15. 70 A 74,18,11.0,7.0
063577310,16. 75 A 79,11,6.0,5.0
063577310,17. 80 A 84,10,4.0,6.0
063577310,18. 85 A 89,7,6.0,1.0
063577310,19. 90 A 94,3,3.0,
063577310,20. 95 A 99,1,1.0,
063577311,0. __tot__,1391,702.0,689.0
063577311,1. 00 A 04,74,37.0,37.0
063577311,2. 05 A 09,92,45.0,47.0
063577311,3. 10 A 14,144,70.0,74.0
063577311,4. 15 A 19,164,76.0,88.0
063577311,5. 20 A 24,120,57.0,63.0
063577311,6. 25 A 29,87,41.0,46.0
063577311,7. 30 A 34,84,37.0,47.0
063577311,8. 35 A 39,68,42.0,26.0
063577311,9. 40 A 44,106,63.0,43.0
063577311,10. 45 A 49,104,60.0,44.0
063577311,11. 50 A 54,99,52.0,47.0
063577311,12. 55 A 59,80,35.0,45.0
063577311,13. 60 A 64,61,26.0,35.0
063577311,14. 65 A 69,44,26.0,18.0
063577311,15. 70 A 74,26,12.0,14.0
063577311,16. 75 A 79,20,8.0,12.0
063577311,17. 80 A 84,10,7.0,3.0
063577311,18. 85 A 89,5,5.0,
063577311,19. 90 A 94,1,1.0,
063577311,20. 95 A 99,2,2.0,
063577401,0. __tot__,1332,641.0,691.0
063577401,1. 00 A 04,89,40.0,49.0
063577401,2. 05 A 09,108,48.0,60.0
063577401,3. 10 A 14,127,61.0,66.0
063577401,4. 15 A 19,135,65.0,70.0
063577401,5. 20 A 24,112,45.0,67.0
063577401,6. 25 A 29,107,47.0,60.0
063577401,7. 30 A 34,100,57.0,43.0
063577401,8. 35 A 39,110,54.0,56.0
063577401,9. 40 A 44,89,40.0,49.0
063577401,10. 45 A 49,71,40.0,31.0
063577401,11. 50 A 54,72,35.0,37.0
063577401,12. 55 A 59,71,37.0,34.0
063577401,13. 60 A 64,44,20.0,24.0
063577401,14. 65 A 69,42,23.0,19.0
063577401,15. 70 A 74,24,12.0,12.0
063577401,16. 75 A 79,17,8.0,9.0
063577401,17. 80 A 84,6,5.0,1.0
063577401,18. 85 A 89,4,2.0,2.0
063577401,19. 90 A 94,2,1.0,1.0
063577401,20. 95 A 99,2,1.0,1.0
063577402,0. __tot__,720,396.0,324.0
063577402,1. 00 A 04,45,18.0,27.0
063577402,2. 05 A 09,43,18.0,25.0
063577402,3. 10 A 14,49,31.0,18.0
063577402,4. 15 A 19,60,32.0,28.0
063577402,5. 20 A 24,51,25.0,26.0
063577402,6. 25 A 29,34,18.0,16.0
063577402,7. 30 A 34,49,26.0,23.0
063577402,8. 35 A 39,60,38.0,22.0
063577402,9. 40 A 44,57,28.0,29.0
063577402,10. 45 A 49,51,26.0,25.0
063577402,11. 50 A 54,28,17.0,11.0
063577402,12. 55 A 59,50,24.0,26.0
063577402,13. 60 A 64,23,12.0,11.0
063577402,14. 65 A 69,34,21.0,13.0
063577402,15. 70 A 74,38,27.0,11.0
063577402,16. 75 A 79,28,19.0,9.0
063577402,17. 80 A 84,13,9.0,4.0
063577402,18. 85 A 89,4,4.0,
063577402,19. 90 A 94,3,3.0,
063577403,0. __tot__,1370,687.0,683.0
063577403,1. 00 A 04,109,56.0,53.0
063577403,2. 05 A 09,128,68.0,60.0
063577403,3. 10 A 14,112,39.0,73.0
063577403,4. 15 A 19,79,35.0,44.0
063577403,5. 20 A 24,87,45.0,42.0
063577403,6. 25 A 29,95,53.0,42.0
063577403,7. 30 A 34,101,54.0,47.0
063577403,8. 35 A 39,144,70.0,74.0
063577403,9. 40 A 44,107,46.0,61.0
063577403,10. 45 A 49,80,44.0,36.0
063577403,11. 50 A 54,77,35.0,42.0
063577403,12. 55 A 59,70,40.0,30.0
063577403,13. 60 A 64,49,25.0,24.0
063577403,14. 65 A 69,48,29.0,19.0
063577403,15. 70 A 74,51,28.0,23.0
063577403,16. 75 A 79,20,12.0,8.0
063577403,17. 80 A 84,8,6.0,2.0
063577403,18. 85 A 89,2,1.0,1.0
063577403,19. 90 A 94,2,1.0,1.0
063577403,20. 95 A 99,1,,1.0
063577404,0. __tot__,1860,918.0,942.0
063577404,1. 00 A 04,147,73.0,74.0
063577404,2. 05 A 09,202,95.0,107.0
063577404,3. 10 A 14,211,101.0,110.0
063577404,4. 15 A 19,182,84.0,98.0
063577404,5. 20 A 24,168,87.0,81.0
063577404,6. 25 A 29,125,66.0,59.0
063577404,7. 30 A 34,137,66.0,71.0
063577404,8. 35 A 39,134,75.0,59.0
063577404,9. 40 A 44,163,81.0,82.0
063577404,10. 45 A 49,120,59.0,61.0
063577404,11. 50 A 54,74,35.0,39.0
063577404,12. 55 A 59,62,25.0,37.0
063577404,13. 60 A 64,43,22.0,21.0
063577404,14. 65 A 69,38,19.0,19.0
063577404,15. 70 A 74,30,18.0,12.0
063577404,16. 75 A 79,11,5.0,6.0
063577404,17. 80 A 84,7,4.0,3.0
063577404,18. 85 A 89,4,2.0,2.0
063577404,19. 90 A 94,1,,1.0
063577404,20. 95 A 99,1,1.0,
063577405,0. __tot__,998,514.0,484.0
063577405,1. 00 A 04,92,46.0,46.0
063577405,2. 05 A 09,108,57.0,51.0
063577405,3. 10 A 14,132,64.0,68.0
063577405,4. 15 A 19,107,55.0,52.0
063577405,5. 20 A 24,88,46.0,42.0
063577405,6. 25 A 29,85,44.0,41.0
063577405,7. 30 A 34,85,45.0,40.0
063577405,8. 35 A 39,55,27.0,28.0
063577405,9. 40 A 44,62,39.0,23.0
063577405,10. 45 A 49,41,15.0,26.0
063577405,11. 50 A 54,35,17.0,18.0
063577405,12. 55 A 59,37,22.0,15.0
063577405,13. 60 A 64,37,18.0,19.0
063577405,14. 65 A 69,19,10.0,9.0
063577405,15. 70 A 74,9,5.0,4.0
063577405,16. 75 A 79,2,1.0,1.0
063577405,17. 80 A 84,3,2.0,1.0
063577405,18. 85 A 89,1,1.0,
063577406,0. __tot__,848,410.0,438.0
063577406,1. 00 A 04,65,27.0,38.0
063577406,2. 05 A 09,89,43.0,46.0
063577406,3. 10 A 14,98,48.0,50.0
063577406,4. 15 A 19,87,39.0,48.0
063577406,5. 20 A 24,72,36.0,36.0
063577406,6. 25 A 29,74,39.0,35.0
063577406,7. 30 A 34,69,30.0,39.0
063577406,8. 35 A 39,52,30.0,22.0
063577406,9. 40 A 44,65,35.0,30.0
063577406,10. 45 A 49,45,23.0,22.0
063577406,11. 50 A 54,41,16.0,25.0
063577406,12. 55 A 59,31,16.0,15.0
063577406,13. 60 A 64,20,8.0,12.0
063577406,14. 65 A 69,17,6.0,11.0
063577406,15. 70 A 74,11,5.0,6.0
063577406,16. 75 A 79,7,6.0,1.0
063577406,17. 80 A 84,3,2.0,1.0
063577406,18. 85 A 89,2,1.0,1.0
063577407,0. __tot__,1052,528.0,524.0
063577407,1. 00 A 04,100,49.0,51.0
063577407,2. 05 A 09,115,64.0,51.0
063577407,3. 10 A 14,113,49.0,64.0
063577407,4. 15 A 19,106,56.0,50.0
063577407,5. 20 A 24,85,43.0,42.0
063577407,6. 25 A 29,98,45.0,53.0
063577407,7. 30 A 34,93,43.0,50.0
063577407,8. 35 A 39,82,45.0,37.0
063577407,9. 40 A 44,65,36.0,29.0
063577407,10. 45 A 49,57,25.0,32.0
063577407,11. 50 A 54,34,19.0,15.0
063577407,12. 55 A 59,33,16.0,17.0
063577407,13. 60 A 64,29,16.0,13.0
063577407,14. 65 A 69,15,5.0,10.0
063577407,15. 70 A 74,9,5.0,4.0
063577407,16. 75 A 79,12,7.0,5.0
063577407,17. 80 A 84,4,3.0,1.0
063577407,18. 85 A 89,1,1.0,
063577407,19. 90 A 94,1,1.0,
063577408,0. __tot__,1695,849.0,846.0
063577408,1. 00 A 04,169,78.0,91.0
063577408,2. 05 A 09,196,97.0,99.0
063577408,3. 10 A 14,190,92.0,98.0
063577408,4. 15 A 19,168,77.0,91.0
063577408,5. 20 A 24,135,63.0,72.0
063577408,6. 25 A 29,160,89.0,71.0
063577408,7. 30 A 34,141,77.0,64.0
063577408,8. 35 A 39,116,59.0,57.0
063577408,9. 40 A 44,89,55.0,34.0
063577408,10. 45 A 49,81,45.0,36.0
063577408,11. 50 A 54,72,39.0,33.0
063577408,12. 55 A 59,59,22.0,37.0
063577408,13. 60 A 64,40,19.0,21.0
063577408,14. 65 A 69,29,16.0,13.0
063577408,15. 70 A 74,21,9.0,12.0
063577408,16. 75 A 79,14,4.0,10.0
063577408,17. 80 A 84,7,4.0,3.0
063577408,18. 85 A 89,4,2.0,2.0
063577408,19. 90 A 94,2,1.0,1.0
063577408,20. 95 A 99,1,1.0,
063577408,21. 100 A 104,1,,1.0
063577409,0. __tot__,1373,696.0,677.0
063577409,1. 00 A 04,101,45.0,56.0
063577409,2. 05 A 09,113,57.0,56.0
063577409,3. 10 A 14,118,61.0,57.0
063577409,4. 15 A 19,149,80.0,69.0
063577409,5. 20 A 24,105,55.0,50.0
063577409,6. 25 A 29,88,36.0,52.0
063577409,7. 30 A 34,101,51.0,50.0
063577409,8. 35 A 39,111,63.0,48.0
063577409,9. 40 A 44,122,60.0,62.0
063577409,10. 45 A 49,101,51.0,50.0
063577409,11. 50 A 54,76,33.0,43.0
063577409,12. 55 A 59,61,35.0,26.0
063577409,13. 60 A 64,52,29.0,23.0
063577409,14. 65 A 69,24,11.0,13.0
063577409,15. 70 A 74,20,11.0,9.0
063577409,16. 75 A 79,20,12.0,8.0
063577409,17. 80 A 84,10,5.0,5.0
063577409,18. 85 A 89,1,1.0,
063577410,0. __tot__,1171,596.0,575.0
063577410,1. 00 A 04,66,33.0,33.0
063577410,2. 05 A 09,84,37.0,47.0
063577410,3. 10 A 14,89,48.0,41.0
063577410,4. 15 A 19,112,61.0,51.0
063577410,5. 20 A 24,72,34.0,38.0
063577410,6. 25 A 29,109,60.0,49.0
063577410,7. 30 A 34,80,35.0,45.0
063577410,8. 35 A 39,105,58.0,47.0
063577410,9. 40 A 44,91,45.0,46.0
063577410,10. 45 A 49,63,34.0,29.0
063577410,11. 50 A 54,75,43.0,32.0
063577410,12. 55 A 59,68,34.0,34.0
063577410,13. 60 A 64,59,28.0,31.0
063577410,14. 65 A 69,40,21.0,19.0
063577410,15. 70 A 74,25,6.0,19.0
063577410,16. 75 A 79,11,6.0,5.0
063577410,17. 80 A 84,8,6.0,2.0
063577410,18. 85 A 89,9,4.0,5.0
063577410,19. 90 A 94,3,2.0,1.0
063577410,20. 95 A 99,2,1.0,1.0
063577501,0. __tot__,784,406.0,378.0
063577501,1. 00 A 04,41,19.0,22.0
063577501,2. 05 A 09,53,26.0,27.0
063577501,3. 10 A 14,41,18.0,23.0
063577501,4. 15 A 19,58,30.0,28.0
063577501,5. 20 A 24,47,23.0,24.0
063577501,6. 25 A 29,65,38.0,27.0
063577501,7. 30 A 34,74,36.0,38.0
063577501,8. 35 A 39,56,27.0,29.0
063577501,9. 40 A 44,57,23.0,34.0
063577501,10. 45 A 49,67,35.0,32.0
063577501,11. 50 A 54,52,31.0,21.0
063577501,12. 55 A 59,41,20.0,21.0
063577501,13. 60 A 64,35,17.0,18.0
063577501,14. 65 A 69,30,22.0,8.0
063577501,15. 70 A 74,22,12.0,10.0
063577501,16. 75 A 79,18,14.0,4.0
063577501,17. 80 A 84,16,10.0,6.0
063577501,18. 85 A 89,8,2.0,6.0
063577501,19. 90 A 94,3,3.0,
063577502,0. __tot__,235,120.0,115.0
063577502,1. 00 A 04,12,7.0,5.0
063577502,2. 05 A 09,13,7.0,6.0
063577502,3. 10 A 14,12,7.0,5.0
063577502,4. 15 A 19,19,7.0,12.0
063577502,5. 20 A 24,11,6.0,5.0
063577502,6. 25 A 29,11,4.0,7.0
063577502,7. 30 A 34,14,8.0,6.0
063577502,8. 35 A 39,20,11.0,9.0
063577502,9. 40 A 44,16,8.0,8.0
063577502,10. 45 A 49,20,10.0,10.0
063577502,11. 50 A 54,11,4.0,7.0
063577502,12. 55 A 59,4,3.0,1.0
063577502,13. 60 A 64,15,8.0,7.0
063577502,14. 65 A 69,19,10.0,9.0
063577502,15. 70 A 74,4,2.0,2.0
063577502,16. 75 A 79,14,5.0,9.0
063577502,17. 80 A 84,8,7.0,1.0
063577502,18. 85 A 89,7,4.0,3.0
063577502,19. 90 A 94,3,2.0,1.0
063577502,20. 95 A 99,2,,2.0
063577503,0. __tot__,95,42.0,53.0
063577503,1. 00 A 04,4,2.0,2.0
063577503,2. 05 A 09,9,4.0,5.0
063577503,3. 10 A 14,9,4.0,5.0
063577503,4. 15 A 19,5,1.0,4.0
063577503,5. 20 A 24,3,,3.0
063577503,6. 25 A 29,14,9.0,5.0
063577503,7. 30 A 34,9,5.0,4.0
063577503,8. 35 A 39,11,5.0,6.0
063577503,9. 40 A 44,14,4.0,10.0
063577503,10. 45 A 49,4,2.0,2.0
063577503,11. 50 A 54,3,1.0,2.0
063577503,12. 55 A 59,1,,1.0
063577503,13. 60 A 64,2,2.0,
063577503,14. 65 A 69,2,,2.0
063577503,15. 70 A 74,1,,1.0
063577503,16. 75 A 79,2,2.0,
063577503,17. 80 A 84,2,1.0,1.0
063577504,0. __tot__,203,96.0,107.0
063577504,1. 00 A 04,18,8.0,10.0
063577504,2. 05 A 09,14,6.0,8.0
063577504,3. 10 A 14,12,5.0,7.0
063577504,4. 15 A 19,16,6.0,10.0
063577504,5. 20 A 24,12,5.0,7.0
063577504,6. 25 A 29,13,6.0,7.0
063577504,7. 30 A 34,18,11.0,7.0
063577504,8. 35 A 39,17,6.0,11.0
063577504,9. 40 A 44,14,5.0,9.0
063577504,10. 45 A 49,20,9.0,11.0
063577504,11. 50 A 54,10,6.0,4.0
063577504,12. 55 A 59,8,4.0,4.0
063577504,13. 60 A 64,11,6.0,5.0
063577504,14. 65 A 69,8,4.0,4.0
063577504,15. 70 A 74,5,3.0,2.0
063577504,16. 75 A 79,2,2.0,
063577504,17. 80 A 84,3,2.0,1.0
063577504,18. 85 A 89,1,1.0,
063577504,19. 90 A 94,1,1.0,
063577505,0. __tot__,514,262.0,252.0
063577505,1. 00 A 04,24,15.0,9.0
063577505,2. 05 A 09,35,16.0,19.0
063577505,3. 10 A 14,30,15.0,15.0
063577505,4. 15 A 19,45,24.0,21.0
063577505,5. 20 A 24,40,17.0,23.0
063577505,6. 25 A 29,36,17.0,19.0
063577505,7. 30 A 34,35,18.0,17.0
063577505,8. 35 A 39,43,20.0,23.0
063577505,9. 40 A 44,43,21.0,22.0
063577505,10. 45 A 49,35,20.0,15.0
063577505,11. 50 A 54,38,17.0,21.0
063577505,12. 55 A 59,26,18.0,8.0
063577505,13. 60 A 64,23,12.0,11.0
063577505,14. 65 A 69,25,12.0,13.0
063577505,15. 70 A 74,11,7.0,4.0
063577505,16. 75 A 79,13,7.0,6.0
063577505,17. 80 A 84,6,3.0,3.0
063577505,18. 85 A 89,4,2.0,2.0
063577505,19. 90 A 94,1,1.0,
063577505,20. 95 A 99,1,,1.0
063577506,0. __tot__,454,233.0,221.0
063577506,1. 00 A 04,24,12.0,12.0
063577506,2. 05 A 09,38,18.0,20.0
063577506,3. 10 A 14,34,15.0,19.0
063577506,4. 15 A 19,30,18.0,12.0
063577506,5. 20 A 24,32,16.0,16.0
063577506,6. 25 A 29,29,18.0,11.0
063577506,7. 30 A 34,34,17.0,17.0
063577506,8. 35 A 39,51,26.0,25.0
063577506,9. 40 A 44,37,20.0,17.0
063577506,10. 45 A 49,41,22.0,19.0
063577506,11. 50 A 54,18,6.0,12.0
063577506,12. 55 A 59,21,11.0,10.0
063577506,13. 60 A 64,20,12.0,8.0
063577506,14. 65 A 69,18,8.0,10.0
063577506,15. 70 A 74,10,5.0,5.0
063577506,16. 75 A 79,10,4.0,6.0
063577506,17. 80 A 84,6,5.0,1.0
063577506,18. 85 A 89,1,,1.0
063577507,0. __tot__,594,308.0,286.0
063577507,1. 00 A 04,30,20.0,10.0
063577507,2. 05 A 09,51,28.0,23.0
063577507,3. 10 A 14,49,27.0,22.0
063577507,4. 15 A 19,43,19.0,24.0
063577507,5. 20 A 24,28,14.0,14.0
063577507,6. 25 A 29,40,19.0,21.0
063577507,7. 30 A 34,46,27.0,19.0
063577507,8. 35 A 39,51,27.0,24.0
063577507,9. 40 A 44,68,36.0,32.0
063577507,10. 45 A 49,55,21.0,34.0
063577507,11. 50 A 54,31,16.0,15.0
063577507,12. 55 A 59,23,17.0,6.0
063577507,13. 60 A 64,27,11.0,16.0
063577507,14. 65 A 69,14,7.0,7.0
063577507,15. 70 A 74,12,8.0,4.0
063577507,16. 75 A 79,14,6.0,8.0
063577507,17. 80 A 84,5,3.0,2.0
063577507,18. 85 A 89,6,2.0,4.0
063577507,19. 90 A 94,1,,1.0
063577508,0. __tot__,600,306.0,294.0
063577508,1. 00 A 04,38,17.0,21.0
063577508,2. 05 A 09,41,22.0,19.0
063577508,3. 10 A 14,55,25.0,30.0
063577508,4. 15 A 19,42,18.0,24.0
063577508,5. 20 A 24,38,20.0,18.0
063577508,6. 25 A 29,44,22.0,22.0
063577508,7. 30 A 34,52,26.0,26.0
063577508,8. 35 A 39,62,28.0,34.0
063577508,9. 40 A 44,45,25.0,20.0
063577508,10. 45 A 49,44,25.0,19.0
063577508,11. 50 A 54,31,14.0,17.0
063577508,12. 55 A 59,23,12.0,11.0
063577508,13. 60 A 64,24,15.0,9.0
063577508,14. 65 A 69,18,12.0,6.0
063577508,15. 70 A 74,17,10.0,7.0
063577508,16. 75 A 79,14,8.0,6.0
063577508,17. 80 A 84,5,2.0,3.0
063577508,18. 85 A 89,4,2.0,2.0
063577508,19. 90 A 94,3,3.0,
063577509,0. __tot__,634,338.0,296.0
063577509,1. 00 A 04,28,17.0,11.0
063577509,2. 05 A 09,35,16.0,19.0
063577509,3. 10 A 14,47,18.0,29.0
063577509,4. 15 A 19,49,27.0,22.0
063577509,5. 20 A 24,43,25.0,18.0
063577509,6. 25 A 29,41,23.0,18.0
063577509,7. 30 A 34,43,19.0,24.0
063577509,8. 35 A 39,53,34.0,19.0
063577509,9. 40 A 44,52,20.0,32.0
063577509,10. 45 A 49,61,37.0,24.0
063577509,11. 50 A 54,41,19.0,22.0
063577509,12. 55 A 59,29,16.0,13.0
063577509,13. 60 A 64,40,24.0,16.0
063577509,14. 65 A 69,21,10.0,11.0
063577509,15. 70 A 74,18,10.0,8.0
063577509,16. 75 A 79,18,12.0,6.0
063577509,17. 80 A 84,6,3.0,3.0
063577509,18. 85 A 89,3,2.0,1.0
063577509,19. 90 A 94,5,5.0,
063577509,22. 105 Y MÃS,1,1.0,
063577510,0. __tot__,355,184.0,171.0
063577510,1. 00 A 04,24,13.0,11.0
063577510,2. 05 A 09,29,13.0,16.0
063577510,3. 10 A 14,28,16.0,12.0
063577510,4. 15 A 19,31,13.0,18.0
063577510,5. 20 A 24,15,11.0,4.0
063577510,6. 25 A 29,26,14.0,12.0
063577510,7. 30 A 34,25,10.0,15.0
063577510,8. 35 A 39,19,12.0,7.0
063577510,9. 40 A 44,37,17.0,20.0
063577510,10. 45 A 49,30,13.0,17.0
063577510,11. 50 A 54,24,14.0,10.0
063577510,12. 55 A 59,21,13.0,8.0
063577510,13. 60 A 64,13,3.0,10.0
063577510,14. 65 A 69,7,4.0,3.0
063577510,15. 70 A 74,8,5.0,3.0
063577510,16. 75 A 79,8,6.0,2.0
063577510,17. 80 A 84,6,3.0,3.0
063577510,18. 85 A 89,3,3.0,
063577510,19. 90 A 94,1,1.0,
063577511,0. __tot__,439,230.0,209.0
063577511,1. 00 A 04,26,11.0,15.0
063577511,2. 05 A 09,31,17.0,14.0
063577511,3. 10 A 14,33,17.0,16.0
063577511,4. 15 A 19,36,20.0,16.0
063577511,5. 20 A 24,21,11.0,10.0
063577511,6. 25 A 29,31,15.0,16.0
063577511,7. 30 A 34,28,14.0,14.0
063577511,8. 35 A 39,37,17.0,20.0
063577511,9. 40 A 44,48,22.0,26.0
063577511,10. 45 A 49,26,13.0,13.0
063577511,11. 50 A 54,22,15.0,7.0
063577511,12. 55 A 59,19,9.0,10.0
063577511,13. 60 A 64,24,14.0,10.0
063577511,14. 65 A 69,21,12.0,9.0
063577511,15. 70 A 74,13,4.0,9.0
063577511,16. 75 A 79,9,7.0,2.0
063577511,17. 80 A 84,5,5.0,
063577511,18. 85 A 89,7,5.0,2.0
063577511,19. 90 A 94,1,1.0,
063577511,20. 95 A 99,1,1.0,
063577601,0. __tot__,422,221.0,201.0
063577601,1. 00 A 04,32,20.0,12.0
063577601,2. 05 A 09,42,26.0,16.0
063577601,3. 10 A 14,35,15.0,20.0
063577601,4. 15 A 19,45,20.0,25.0
063577601,5. 20 A 24,28,18.0,10.0
063577601,6. 25 A 29,36,19.0,17.0
063577601,7. 30 A 34,29,13.0,16.0
063577601,8. 35 A 39,39,19.0,20.0
063577601,9. 40 A 44,31,17.0,14.0
063577601,10. 45 A 49,26,14.0,12.0
063577601,11. 50 A 54,15,6.0,9.0
063577601,12. 55 A 59,18,8.0,10.0
063577601,13. 60 A 64,14,9.0,5.0
063577601,14. 65 A 69,15,7.0,8.0
063577601,15. 70 A 74,9,3.0,6.0
063577601,16. 75 A 79,3,2.0,1.0
063577601,17. 80 A 84,1,1.0,
063577601,18. 85 A 89,3,3.0,
063577601,19. 90 A 94,1,1.0,
063577602,0. __tot__,607,303.0,304.0
063577602,1. 00 A 04,54,26.0,28.0
063577602,2. 05 A 09,61,36.0,25.0
063577602,3. 10 A 14,57,25.0,32.0
063577602,4. 15 A 19,53,31.0,22.0
063577602,5. 20 A 24,56,29.0,27.0
063577602,6. 25 A 29,45,24.0,21.0
063577602,7. 30 A 34,49,22.0,27.0
063577602,8. 35 A 39,56,32.0,24.0
063577602,9. 40 A 44,47,20.0,27.0
063577602,10. 45 A 49,30,12.0,18.0
063577602,11. 50 A 54,21,10.0,11.0
063577602,12. 55 A 59,20,10.0,10.0
063577602,13. 60 A 64,14,4.0,10.0
063577602,14. 65 A 69,18,10.0,8.0
063577602,15. 70 A 74,13,7.0,6.0
063577602,16. 75 A 79,4,2.0,2.0
063577602,17. 80 A 84,6,2.0,4.0
063577602,18. 85 A 89,3,1.0,2.0
063577603,0. __tot__,531,275.0,256.0
063577603,1. 00 A 04,28,14.0,14.0
063577603,2. 05 A 09,52,27.0,25.0
063577603,3. 10 A 14,38,12.0,26.0
063577603,4. 15 A 19,40,21.0,19.0
063577603,5. 20 A 24,40,22.0,18.0
063577603,6. 25 A 29,38,17.0,21.0
063577603,7. 30 A 34,41,24.0,17.0
063577603,8. 35 A 39,54,33.0,21.0
063577603,9. 40 A 44,44,24.0,20.0
063577603,10. 45 A 49,29,13.0,16.0
063577603,11. 50 A 54,24,7.0,17.0
063577603,12. 55 A 59,19,8.0,11.0
063577603,13. 60 A 64,25,17.0,8.0
063577603,14. 65 A 69,24,15.0,9.0
063577603,15. 70 A 74,17,8.0,9.0
063577603,16. 75 A 79,10,6.0,4.0
063577603,17. 80 A 84,2,2.0,
063577603,18. 85 A 89,3,3.0,
063577603,19. 90 A 94,1,1.0,
063577603,20. 95 A 99,1,1.0,
063577603,22. 105 Y MÃS,1,,1.0
063577604,0. __tot__,666,328.0,338.0
063577604,1. 00 A 04,50,19.0,31.0
063577604,2. 05 A 09,57,30.0,27.0
063577604,3. 10 A 14,56,18.0,38.0
063577604,4. 15 A 19,48,30.0,18.0
063577604,5. 20 A 24,41,20.0,21.0
063577604,6. 25 A 29,53,27.0,26.0
063577604,7. 30 A 34,52,25.0,27.0
063577604,8. 35 A 39,55,35.0,20.0
063577604,9. 40 A 44,65,29.0,36.0
063577604,10. 45 A 49,46,22.0,24.0
063577604,11. 50 A 54,28,11.0,17.0
063577604,12. 55 A 59,34,20.0,14.0
063577604,13. 60 A 64,17,9.0,8.0
063577604,14. 65 A 69,25,13.0,12.0
063577604,15. 70 A 74,15,7.0,8.0
063577604,16. 75 A 79,15,7.0,8.0
063577604,17. 80 A 84,6,4.0,2.0
063577604,18. 85 A 89,1,,1.0
063577604,19. 90 A 94,2,2.0,
063577605,0. __tot__,757,377.0,380.0
063577605,1. 00 A 04,57,30.0,27.0
063577605,2. 05 A 09,62,27.0,35.0
063577605,3. 10 A 14,57,32.0,25.0
063577605,4. 15 A 19,66,19.0,47.0
063577605,5. 20 A 24,54,28.0,26.0
063577605,6. 25 A 29,46,25.0,21.0
063577605,7. 30 A 34,61,35.0,26.0
063577605,8. 35 A 39,65,30.0,35.0
063577605,9. 40 A 44,54,25.0,29.0
063577605,10. 45 A 49,55,29.0,26.0
063577605,11. 50 A 54,42,22.0,20.0
063577605,12. 55 A 59,39,16.0,23.0
063577605,13. 60 A 64,26,17.0,9.0
063577605,14. 65 A 69,18,9.0,9.0
063577605,15. 70 A 74,15,9.0,6.0
063577605,16. 75 A 79,18,12.0,6.0
063577605,17. 80 A 84,10,5.0,5.0
063577605,18. 85 A 89,8,5.0,3.0
063577605,19. 90 A 94,3,1.0,2.0
063577605,20. 95 A 99,1,1.0,
063577606,0. __tot__,372,196.0,176.0
063577606,1. 00 A 04,34,16.0,18.0
063577606,2. 05 A 09,37,21.0,16.0
063577606,3. 10 A 14,45,22.0,23.0
063577606,4. 15 A 19,28,17.0,11.0
063577606,5. 20 A 24,18,8.0,10.0
063577606,6. 25 A 29,26,15.0,11.0
063577606,7. 30 A 34,33,22.0,11.0
063577606,8. 35 A 39,24,12.0,12.0
063577606,9. 40 A 44,26,16.0,10.0
063577606,10. 45 A 49,32,16.0,16.0
063577606,11. 50 A 54,20,6.0,14.0
063577606,12. 55 A 59,14,8.0,6.0
063577606,13. 60 A 64,15,7.0,8.0
063577606,14. 65 A 69,9,4.0,5.0
063577606,15. 70 A 74,8,4.0,4.0
063577606,18. 85 A 89,2,1.0,1.0
063577606,19. 90 A 94,1,1.0,
063577607,0. __tot__,535,274.0,261.0
063577607,1. 00 A 04,25,13.0,12.0
063577607,2. 05 A 09,42,19.0,23.0
063577607,3. 10 A 14,31,15.0,16.0
063577607,4. 15 A 19,44,23.0,21.0
063577607,5. 20 A 24,29,15.0,14.0
063577607,6. 25 A 29,21,15.0,6.0
063577607,7. 30 A 34,32,15.0,17.0
063577607,8. 35 A 39,48,25.0,23.0
063577607,9. 40 A 44,52,27.0,25.0
063577607,10. 45 A 49,43,19.0,24.0
063577607,11. 50 A 54,29,14.0,15.0
063577607,12. 55 A 59,28,14.0,14.0
063577607,13. 60 A 64,25,13.0,12.0
063577607,14. 65 A 69,41,23.0,18.0
063577607,15. 70 A 74,22,9.0,13.0
063577607,16. 75 A 79,13,8.0,5.0
063577607,17. 80 A 84,5,4.0,1.0
063577607,18. 85 A 89,4,3.0,1.0
063577607,19. 90 A 94,1,,1.0
063577608,0. __tot__,349,197.0,152.0
063577608,1. 00 A 04,17,7.0,10.0
063577608,2. 05 A 09,26,18.0,8.0
063577608,3. 10 A 14,20,12.0,8.0
063577608,4. 15 A 19,20,12.0,8.0
063577608,5. 20 A 24,22,14.0,8.0
063577608,6. 25 A 29,20,13.0,7.0
063577608,7. 30 A 34,19,10.0,9.0
063577608,8. 35 A 39,24,15.0,9.0
063577608,9. 40 A 44,30,13.0,17.0
063577608,10. 45 A 49,27,13.0,14.0
063577608,11. 50 A 54,28,14.0,14.0
063577608,12. 55 A 59,16,10.0,6.0
063577608,13. 60 A 64,23,14.0,9.0
063577608,14. 65 A 69,13,7.0,6.0
063577608,15. 70 A 74,22,12.0,10.0
063577608,16. 75 A 79,10,6.0,4.0
063577608,17. 80 A 84,9,5.0,4.0
063577608,18. 85 A 89,3,2.0,1.0
063577609,0. __tot__,248,131.0,117.0
063577609,1. 00 A 04,16,8.0,8.0
063577609,2. 05 A 09,22,14.0,8.0
063577609,3. 10 A 14,14,7.0,7.0
063577609,4. 15 A 19,18,9.0,9.0
063577609,5. 20 A 24,12,6.0,6.0
063577609,6. 25 A 29,14,9.0,5.0
063577609,7. 30 A 34,22,11.0,11.0
063577609,8. 35 A 39,26,14.0,12.0
063577609,9. 40 A 44,20,10.0,10.0
063577609,10. 45 A 49,14,8.0,6.0
063577609,11. 50 A 54,17,9.0,8.0
063577609,12. 55 A 59,6,3.0,3.0
063577609,13. 60 A 64,11,8.0,3.0
063577609,14. 65 A 69,14,7.0,7.0
063577609,15. 70 A 74,11,3.0,8.0
063577609,16. 75 A 79,4,2.0,2.0
063577609,17. 80 A 84,5,2.0,3.0
063577609,18. 85 A 89,1,,1.0
063577609,20. 95 A 99,1,1.0,
063577610,0. __tot__,433,222.0,211.0
063577610,1. 00 A 04,31,17.0,14.0
063577610,2. 05 A 09,34,17.0,17.0
063577610,3. 10 A 14,37,17.0,20.0
063577610,4. 15 A 19,36,19.0,17.0
063577610,5. 20 A 24,20,11.0,9.0
063577610,6. 25 A 29,22,11.0,11.0
063577610,7. 30 A 34,29,18.0,11.0
063577610,8. 35 A 39,48,28.0,20.0
063577610,9. 40 A 44,46,18.0,28.0
063577610,10. 45 A 49,31,10.0,21.0
063577610,11. 50 A 54,27,15.0,12.0
063577610,12. 55 A 59,27,15.0,12.0
063577610,13. 60 A 64,16,8.0,8.0
063577610,14. 65 A 69,6,4.0,2.0
063577610,15. 70 A 74,11,6.0,5.0
063577610,16. 75 A 79,7,6.0,1.0
063577610,17. 80 A 84,3,,3.0
063577610,19. 90 A 94,1,1.0,
063577610,20. 95 A 99,1,1.0,
063577611,0. __tot__,201,110.0,91.0
063577611,1. 00 A 04,13,4.0,9.0
063577611,2. 05 A 09,14,10.0,4.0
063577611,3. 10 A 14,10,5.0,5.0
063577611,4. 15 A 19,18,9.0,9.0
063577611,5. 20 A 24,19,9.0,10.0
063577611,6. 25 A 29,9,5.0,4.0
063577611,7. 30 A 34,13,9.0,4.0
063577611,8. 35 A 39,12,6.0,6.0
063577611,9. 40 A 44,18,11.0,7.0
063577611,10. 45 A 49,20,11.0,9.0
063577611,11. 50 A 54,8,2.0,6.0
063577611,12. 55 A 59,12,9.0,3.0
063577611,13. 60 A 64,12,7.0,5.0
063577611,14. 65 A 69,9,5.0,4.0
063577611,15. 70 A 74,3,,3.0
063577611,16. 75 A 79,4,3.0,1.0
063577611,17. 80 A 84,4,3.0,1.0
063577611,18. 85 A 89,3,2.0,1.0
063577612,0. __tot__,193,92.0,101.0
063577612,1. 00 A 04,18,7.0,11.0
063577612,2. 05 A 09,14,9.0,5.0
063577612,3. 10 A 14,10,4.0,6.0
063577612,4. 15 A 19,9,5.0,4.0
063577612,5. 20 A 24,15,8.0,7.0
063577612,6. 25 A 29,8,5.0,3.0
063577612,7. 30 A 34,23,13.0,10.0
063577612,8. 35 A 39,10,5.0,5.0
063577612,9. 40 A 44,20,6.0,14.0
063577612,10. 45 A 49,13,3.0,10.0
063577612,11. 50 A 54,9,8.0,1.0
063577612,12. 55 A 59,11,5.0,6.0
063577612,13. 60 A 64,10,6.0,4.0
063577612,14. 65 A 69,8,3.0,5.0
063577612,15. 70 A 74,5,3.0,2.0
063577612,16. 75 A 79,8,2.0,6.0
063577612,17. 80 A 84,2,,2.0
063577701,0. __tot__,174,82.0,92.0
063577701,1. 00 A 04,11,6.0,5.0
063577701,2. 05 A 09,14,7.0,7.0
063577701,3. 10 A 14,19,10.0,9.0
063577701,4. 15 A 19,19,8.0,11.0
063577701,5. 20 A 24,9,2.0,7.0
063577701,6. 25 A 29,12,7.0,5.0
063577701,7. 30 A 34,9,5.0,4.0
063577701,8. 35 A 39,8,5.0,3.0
063577701,9. 40 A 44,18,8.0,10.0
063577701,10. 45 A 49,7,3.0,4.0
063577701,11. 50 A 54,8,2.0,6.0
063577701,12. 55 A 59,11,7.0,4.0
063577701,13. 60 A 64,6,1.0,5.0
063577701,14. 65 A 69,4,1.0,3.0
063577701,15. 70 A 74,9,5.0,4.0
063577701,16. 75 A 79,4,2.0,2.0
063577701,17. 80 A 84,4,2.0,2.0
063577701,19. 90 A 94,1,,1.0
063577701,20. 95 A 99,1,1.0,
063577702,0. __tot__,81,38.0,43.0
063577702,1. 00 A 04,12,4.0,8.0
063577702,2. 05 A 09,4,1.0,3.0
063577702,3. 10 A 14,6,3.0,3.0
063577702,4. 15 A 19,6,2.0,4.0
063577702,5. 20 A 24,7,4.0,3.0
063577702,6. 25 A 29,6,3.0,3.0
063577702,7. 30 A 34,6,4.0,2.0
063577702,8. 35 A 39,8,4.0,4.0
063577702,9. 40 A 44,4,2.0,2.0
063577702,10. 45 A 49,5,5.0,
063577702,11. 50 A 54,5,3.0,2.0
063577702,12. 55 A 59,8,2.0,6.0
063577702,13. 60 A 64,1,,1.0
063577702,14. 65 A 69,1,,1.0
063577702,15. 70 A 74,1,,1.0
063577702,18. 85 A 89,1,1.0,
063577703,0. __tot__,744,373.0,371.0
063577703,1. 00 A 04,59,20.0,39.0
063577703,2. 05 A 09,66,32.0,34.0
063577703,3. 10 A 14,70,38.0,32.0
063577703,4. 15 A 19,58,30.0,28.0
063577703,5. 20 A 24,67,35.0,32.0
063577703,6. 25 A 29,62,27.0,35.0
063577703,7. 30 A 34,59,29.0,30.0
063577703,8. 35 A 39,44,22.0,22.0
063577703,9. 40 A 44,53,29.0,24.0
063577703,10. 45 A 49,46,22.0,24.0
063577703,11. 50 A 54,28,16.0,12.0
063577703,12. 55 A 59,27,14.0,13.0
063577703,13. 60 A 64,24,13.0,11.0
063577703,14. 65 A 69,16,8.0,8.0
063577703,15. 70 A 74,28,15.0,13.0
063577703,16. 75 A 79,18,10.0,8.0
063577703,17. 80 A 84,9,7.0,2.0
063577703,18. 85 A 89,4,4.0,
063577703,19. 90 A 94,4,2.0,2.0
063577703,20. 95 A 99,2,,2.0
063577704,0. __tot__,947,504.0,443.0
063577704,1. 00 A 04,58,30.0,28.0
063577704,2. 05 A 09,81,39.0,42.0
063577704,3. 10 A 14,94,48.0,46.0
063577704,4. 15 A 19,86,47.0,39.0
063577704,5. 20 A 24,81,41.0,40.0
063577704,6. 25 A 29,84,47.0,37.0
063577704,7. 30 A 34,89,48.0,41.0
063577704,8. 35 A 39,61,31.0,30.0
063577704,9. 40 A 44,65,36.0,29.0
063577704,10. 45 A 49,46,25.0,21.0
063577704,11. 50 A 54,47,26.0,21.0
063577704,12. 55 A 59,39,22.0,17.0
063577704,13. 60 A 64,34,19.0,15.0
063577704,14. 65 A 69,27,12.0,15.0
063577704,15. 70 A 74,21,12.0,9.0
063577704,16. 75 A 79,18,12.0,6.0
063577704,17. 80 A 84,8,3.0,5.0
063577704,18. 85 A 89,6,4.0,2.0
063577704,19. 90 A 94,1,1.0,
063577704,20. 95 A 99,1,1.0,
063577705,0. __tot__,43,22.0,21.0
063577705,2. 05 A 09,3,2.0,1.0
063577705,3. 10 A 14,1,,1.0
063577705,4. 15 A 19,6,3.0,3.0
063577705,5. 20 A 24,5,3.0,2.0
063577705,6. 25 A 29,5,2.0,3.0
063577705,8. 35 A 39,1,1.0,
063577705,9. 40 A 44,3,2.0,1.0
063577705,10. 45 A 49,2,,2.0
063577705,11. 50 A 54,7,4.0,3.0
063577705,12. 55 A 59,5,2.0,3.0
063577705,13. 60 A 64,2,1.0,1.0
063577705,14. 65 A 69,2,1.0,1.0
063577705,16. 75 A 79,1,1.0,
063577706,0. __tot__,52,28.0,24.0
063577706,1. 00 A 04,5,4.0,1.0
063577706,2. 05 A 09,7,3.0,4.0
063577706,3. 10 A 14,3,2.0,1.0
063577706,4. 15 A 19,3,1.0,2.0
063577706,5. 20 A 24,2,2.0,
063577706,6. 25 A 29,1,,1.0
063577706,7. 30 A 34,7,6.0,1.0
063577706,8. 35 A 39,3,1.0,2.0
063577706,9. 40 A 44,4,2.0,2.0
063577706,10. 45 A 49,2,,2.0
063577706,11. 50 A 54,1,,1.0
063577706,13. 60 A 64,2,1.0,1.0
063577706,14. 65 A 69,3,2.0,1.0
063577706,15. 70 A 74,2,1.0,1.0
063577706,16. 75 A 79,4,2.0,2.0
063577706,17. 80 A 84,3,1.0,2.0
063577707,0. __tot__,103,43.0,60.0
063577707,1. 00 A 04,11,3.0,8.0
063577707,2. 05 A 09,9,3.0,6.0
063577707,3. 10 A 14,7,2.0,5.0
063577707,4. 15 A 19,4,2.0,2.0
063577707,5. 20 A 24,5,3.0,2.0
063577707,6. 25 A 29,4,3.0,1.0
063577707,7. 30 A 34,9,1.0,8.0
063577707,8. 35 A 39,6,3.0,3.0
063577707,9. 40 A 44,12,5.0,7.0
063577707,10. 45 A 49,7,5.0,2.0
063577707,11. 50 A 54,10,3.0,7.0
063577707,12. 55 A 59,8,3.0,5.0
063577707,13. 60 A 64,4,2.0,2.0
063577707,14. 65 A 69,1,,1.0
063577707,15. 70 A 74,2,2.0,
063577707,16. 75 A 79,3,2.0,1.0
063577707,17. 80 A 84,1,1.0,
063577708,0. __tot__,299,151.0,148.0
063577708,1. 00 A 04,27,19.0,8.0
063577708,2. 05 A 09,40,16.0,24.0
063577708,3. 10 A 14,28,13.0,15.0
063577708,4. 15 A 19,13,6.0,7.0
063577708,5. 20 A 24,9,3.0,6.0
063577708,6. 25 A 29,9,5.0,4.0
063577708,7. 30 A 34,27,16.0,11.0
063577708,8. 35 A 39,36,22.0,14.0
063577708,9. 40 A 44,35,12.0,23.0
063577708,10. 45 A 49,23,11.0,12.0
063577708,11. 50 A 54,8,4.0,4.0
063577708,12. 55 A 59,11,7.0,4.0
063577708,13. 60 A 64,9,5.0,4.0
063577708,14. 65 A 69,6,4.0,2.0
063577708,15. 70 A 74,10,3.0,7.0
063577708,16. 75 A 79,4,3.0,1.0
063577708,17. 80 A 84,4,2.0,2.0
063577709,0. __tot__,153,75.0,78.0
063577709,1. 00 A 04,14,8.0,6.0
063577709,2. 05 A 09,14,7.0,7.0
063577709,3. 10 A 14,19,7.0,12.0
063577709,4. 15 A 19,10,7.0,3.0
063577709,5. 20 A 24,3,2.0,1.0
063577709,6. 25 A 29,5,4.0,1.0
063577709,7. 30 A 34,14,7.0,7.0
063577709,8. 35 A 39,18,8.0,10.0
063577709,9. 40 A 44,22,13.0,9.0
063577709,10. 45 A 49,16,5.0,11.0
063577709,11. 50 A 54,2,1.0,1.0
063577709,12. 55 A 59,2,,2.0
063577709,13. 60 A 64,7,2.0,5.0
063577709,14. 65 A 69,5,3.0,2.0
063577709,17. 80 A 84,2,1.0,1.0
063577710,0. __tot__,79,34.0,45.0
063577710,1. 00 A 04,13,8.0,5.0
063577710,2. 05 A 09,6,3.0,3.0
063577710,3. 10 A 14,10,2.0,8.0
063577710,4. 15 A 19,2,1.0,1.0
063577710,5. 20 A 24,2,1.0,1.0
063577710,6. 25 A 29,4,2.0,2.0
063577710,7. 30 A 34,1,,1.0
063577710,8. 35 A 39,7,4.0,3.0
063577710,9. 40 A 44,4,1.0,3.0
063577710,10. 45 A 49,9,5.0,4.0
063577710,11. 50 A 54,3,,3.0
063577710,12. 55 A 59,5,2.0,3.0
063577710,13. 60 A 64,4,2.0,2.0
063577710,14. 65 A 69,3,2.0,1.0
063577710,15. 70 A 74,2,,2.0
063577710,16. 75 A 79,1,,1.0
063577710,17. 80 A 84,1,,1.0
063577710,18. 85 A 89,1,,1.0
063577710,20. 95 A 99,1,1.0,
063578401,0. __tot__,94,52.0,42.0
063578401,1. 00 A 04,3,2.0,1.0
063578401,2. 05 A 09,8,4.0,4.0
063578401,3. 10 A 14,7,4.0,3.0
063578401,4. 15 A 19,4,3.0,1.0
063578401,5. 20 A 24,7,3.0,4.0
063578401,6. 25 A 29,6,1.0,5.0
063578401,7. 30 A 34,7,6.0,1.0
063578401,8. 35 A 39,6,3.0,3.0
063578401,9. 40 A 44,13,10.0,3.0
063578401,10. 45 A 49,7,2.0,5.0
063578401,11. 50 A 54,3,2.0,1.0
063578401,12. 55 A 59,5,1.0,4.0
063578401,13. 60 A 64,4,3.0,1.0
063578401,14. 65 A 69,7,5.0,2.0
063578401,15. 70 A 74,6,2.0,4.0
063578401,18. 85 A 89,1,1.0,
063578402,0. __tot__,64,30.0,34.0
063578402,1. 00 A 04,9,2.0,7.0
063578402,2. 05 A 09,5,3.0,2.0
063578402,3. 10 A 14,5,1.0,4.0
063578402,4. 15 A 19,1,1.0,
063578402,5. 20 A 24,2,1.0,1.0
063578402,6. 25 A 29,2,1.0,1.0
063578402,7. 30 A 34,12,7.0,5.0
063578402,8. 35 A 39,6,4.0,2.0
063578402,9. 40 A 44,2,2.0,
063578402,10. 45 A 49,7,3.0,4.0
063578402,11. 50 A 54,4,1.0,3.0
063578402,12. 55 A 59,1,,1.0
063578402,13. 60 A 64,2,,2.0
063578402,14. 65 A 69,1,1.0,
063578402,15. 70 A 74,3,3.0,
063578402,17. 80 A 84,1,,1.0
063578402,18. 85 A 89,1,,1.0
063578403,0. __tot__,229,110.0,119.0
063578403,1. 00 A 04,14,8.0,6.0
063578403,2. 05 A 09,15,6.0,9.0
063578403,3. 10 A 14,17,10.0,7.0
063578403,4. 15 A 19,11,8.0,3.0
063578403,5. 20 A 24,10,6.0,4.0
063578403,6. 25 A 29,10,4.0,6.0
063578403,7. 30 A 34,16,10.0,6.0
063578403,8. 35 A 39,12,6.0,6.0
063578403,9. 40 A 44,28,11.0,17.0
063578403,10. 45 A 49,23,5.0,18.0
063578403,11. 50 A 54,6,2.0,4.0
063578403,12. 55 A 59,11,7.0,4.0
063578403,13. 60 A 64,14,7.0,7.0
063578403,14. 65 A 69,22,8.0,14.0
063578403,15. 70 A 74,5,3.0,2.0
063578403,16. 75 A 79,8,3.0,5.0
063578403,17. 80 A 84,2,1.0,1.0
063578403,18. 85 A 89,3,3.0,
063578403,19. 90 A 94,1,1.0,
063578403,20. 95 A 99,1,1.0,
063578404,0. __tot__,249,133.0,116.0
063578404,1. 00 A 04,17,8.0,9.0
063578404,2. 05 A 09,17,11.0,6.0
063578404,3. 10 A 14,27,15.0,12.0
063578404,4. 15 A 19,14,8.0,6.0
063578404,5. 20 A 24,12,8.0,4.0
063578404,6. 25 A 29,15,8.0,7.0
063578404,7. 30 A 34,28,11.0,17.0
063578404,8. 35 A 39,19,10.0,9.0
063578404,9. 40 A 44,19,11.0,8.0
063578404,10. 45 A 49,22,11.0,11.0
063578404,11. 50 A 54,9,5.0,4.0
063578404,12. 55 A 59,10,4.0,6.0
063578404,13. 60 A 64,10,6.0,4.0
063578404,14. 65 A 69,15,7.0,8.0
063578404,15. 70 A 74,7,4.0,3.0
063578404,16. 75 A 79,2,2.0,
063578404,17. 80 A 84,3,2.0,1.0
063578404,18. 85 A 89,3,2.0,1.0
063578405,0. __tot__,199,96.0,103.0
063578405,1. 00 A 04,10,8.0,2.0
063578405,2. 05 A 09,18,7.0,11.0
063578405,3. 10 A 14,17,6.0,11.0
063578405,4. 15 A 19,11,4.0,7.0
063578405,5. 20 A 24,8,4.0,4.0
063578405,6. 25 A 29,19,10.0,9.0
063578405,7. 30 A 34,14,4.0,10.0
063578405,8. 35 A 39,19,14.0,5.0
063578405,9. 40 A 44,13,4.0,9.0
063578405,10. 45 A 49,13,6.0,7.0
063578405,11. 50 A 54,12,6.0,6.0
063578405,12. 55 A 59,12,6.0,6.0
063578405,13. 60 A 64,13,8.0,5.0
063578405,14. 65 A 69,4,2.0,2.0
063578405,15. 70 A 74,8,3.0,5.0
063578405,16. 75 A 79,4,2.0,2.0
063578405,17. 80 A 84,1,,1.0
063578405,18. 85 A 89,2,1.0,1.0
063578405,19. 90 A 94,1,1.0,
063578406,0. __tot__,202,100.0,102.0
063578406,1. 00 A 04,14,6.0,8.0
063578406,2. 05 A 09,14,9.0,5.0
063578406,3. 10 A 14,11,5.0,6.0
063578406,4. 15 A 19,11,6.0,5.0
063578406,5. 20 A 24,10,3.0,7.0
063578406,6. 25 A 29,12,6.0,6.0
063578406,7. 30 A 34,12,4.0,8.0
063578406,8. 35 A 39,13,11.0,2.0
063578406,9. 40 A 44,18,9.0,9.0
063578406,10. 45 A 49,26,9.0,17.0
063578406,11. 50 A 54,12,6.0,6.0
063578406,12. 55 A 59,9,3.0,6.0
063578406,13. 60 A 64,15,9.0,6.0
063578406,14. 65 A 69,5,3.0,2.0
063578406,15. 70 A 74,8,5.0,3.0
063578406,16. 75 A 79,6,3.0,3.0
063578406,17. 80 A 84,2,1.0,1.0
063578406,18. 85 A 89,3,1.0,2.0
063578406,19. 90 A 94,1,1.0,
063578407,0. __tot__,157,81.0,76.0
063578407,1. 00 A 04,3,1.0,2.0
063578407,2. 05 A 09,15,6.0,9.0
063578407,3. 10 A 14,13,6.0,7.0
063578407,4. 15 A 19,14,8.0,6.0
063578407,5. 20 A 24,10,6.0,4.0
063578407,6. 25 A 29,8,5.0,3.0
063578407,7. 30 A 34,11,6.0,5.0
063578407,8. 35 A 39,11,7.0,4.0
063578407,9. 40 A 44,13,9.0,4.0
063578407,10. 45 A 49,14,7.0,7.0
063578407,11. 50 A 54,11,3.0,8.0
063578407,12. 55 A 59,11,5.0,6.0
063578407,13. 60 A 64,10,6.0,4.0
063578407,14. 65 A 69,6,2.0,4.0
063578407,15. 70 A 74,1,,1.0
063578407,16. 75 A 79,3,3.0,
063578407,17. 80 A 84,3,1.0,2.0
063578408,0. __tot__,81,34.0,47.0
063578408,1. 00 A 04,5,3.0,2.0
063578408,2. 05 A 09,4,2.0,2.0
063578408,3. 10 A 14,10,5.0,5.0
063578408,4. 15 A 19,5,,5.0
063578408,5. 20 A 24,4,1.0,3.0
063578408,6. 25 A 29,5,3.0,2.0
063578408,7. 30 A 34,3,2.0,1.0
063578408,8. 35 A 39,6,2.0,4.0
063578408,9. 40 A 44,11,4.0,7.0
063578408,10. 45 A 49,10,5.0,5.0
063578408,11. 50 A 54,8,3.0,5.0
063578408,12. 55 A 59,3,,3.0
063578408,13. 60 A 64,4,2.0,2.0
063578408,15. 70 A 74,2,1.0,1.0
063578408,16. 75 A 79,1,1.0,
063578409,0. __tot__,101,45.0,56.0
063578409,1. 00 A 04,7,2.0,5.0
063578409,2. 05 A 09,4,2.0,2.0
063578409,3. 10 A 14,8,2.0,6.0
063578409,4. 15 A 19,9,3.0,6.0
063578409,5. 20 A 24,3,1.0,2.0
063578409,6. 25 A 29,5,1.0,4.0
063578409,7. 30 A 34,7,4.0,3.0
063578409,8. 35 A 39,15,8.0,7.0
063578409,9. 40 A 44,5,2.0,3.0
063578409,10. 45 A 49,10,5.0,5.0
063578409,11. 50 A 54,7,4.0,3.0
063578409,12. 55 A 59,7,5.0,2.0
063578409,13. 60 A 64,3,,3.0
063578409,14. 65 A 69,3,2.0,1.0
063578409,15. 70 A 74,2,1.0,1.0
063578409,16. 75 A 79,3,2.0,1.0
063578409,17. 80 A 84,2,1.0,1.0
063578409,20. 95 A 99,1,,1.0
063578410,0. __tot__,69,27.0,42.0
063578410,1. 00 A 04,3,2.0,1.0
063578410,2. 05 A 09,6,,6.0
063578410,3. 10 A 14,5,1.0,4.0
063578410,4. 15 A 19,4,,4.0
063578410,5. 20 A 24,5,1.0,4.0
063578410,6. 25 A 29,5,3.0,2.0
063578410,7. 30 A 34,2,1.0,1.0
063578410,8. 35 A 39,8,4.0,4.0
063578410,9. 40 A 44,5,3.0,2.0
063578410,10. 45 A 49,5,2.0,3.0
063578410,11. 50 A 54,4,2.0,2.0
063578410,12. 55 A 59,3,1.0,2.0
063578410,13. 60 A 64,4,3.0,1.0
063578410,14. 65 A 69,3,,3.0
063578410,15. 70 A 74,2,1.0,1.0
063578410,16. 75 A 79,3,2.0,1.0
063578410,17. 80 A 84,2,1.0,1.0
063578411,0. __tot__,129,68.0,61.0
063578411,1. 00 A 04,8,6.0,2.0
063578411,2. 05 A 09,8,3.0,5.0
063578411,3. 10 A 14,4,2.0,2.0
063578411,4. 15 A 19,5,2.0,3.0
063578411,5. 20 A 24,11,5.0,6.0
063578411,6. 25 A 29,9,5.0,4.0
063578411,7. 30 A 34,5,2.0,3.0
063578411,8. 35 A 39,8,5.0,3.0
063578411,9. 40 A 44,16,8.0,8.0
063578411,10. 45 A 49,11,6.0,5.0
063578411,11. 50 A 54,8,4.0,4.0
063578411,12. 55 A 59,10,6.0,4.0
063578411,13. 60 A 64,8,2.0,6.0
063578411,14. 65 A 69,5,4.0,1.0
063578411,15. 70 A 74,5,3.0,2.0
063578411,16. 75 A 79,6,4.0,2.0
063578411,17. 80 A 84,1,1.0,
063578411,18. 85 A 89,1,,1.0
063578412,0. __tot__,138,75.0,63.0
063578412,1. 00 A 04,7,5.0,2.0
063578412,2. 05 A 09,8,6.0,2.0
063578412,3. 10 A 14,8,6.0,2.0
063578412,4. 15 A 19,6,1.0,5.0
063578412,5. 20 A 24,10,4.0,6.0
063578412,6. 25 A 29,10,6.0,4.0
063578412,7. 30 A 34,6,2.0,4.0
063578412,8. 35 A 39,9,5.0,4.0
063578412,9. 40 A 44,8,6.0,2.0
063578412,10. 45 A 49,8,6.0,2.0
063578412,11. 50 A 54,18,6.0,12.0
063578412,12. 55 A 59,8,3.0,5.0
063578412,13. 60 A 64,12,6.0,6.0
063578412,14. 65 A 69,5,2.0,3.0
063578412,15. 70 A 74,7,3.0,4.0
063578412,16. 75 A 79,3,3.0,
063578412,17. 80 A 84,2,2.0,
063578412,18. 85 A 89,2,2.0,
063578412,19. 90 A 94,1,1.0,
063578413,0. __tot__,78,42.0,36.0
063578413,1. 00 A 04,9,4.0,5.0
063578413,2. 05 A 09,10,4.0,6.0
063578413,3. 10 A 14,7,3.0,4.0
063578413,4. 15 A 19,5,5.0,
063578413,5. 20 A 24,1,,1.0
063578413,6. 25 A 29,1,1.0,
063578413,7. 30 A 34,5,3.0,2.0
063578413,8. 35 A 39,8,6.0,2.0
063578413,9. 40 A 44,14,7.0,7.0
063578413,10. 45 A 49,5,2.0,3.0
063578413,11. 50 A 54,7,3.0,4.0
063578413,12. 55 A 59,1,1.0,
063578413,13. 60 A 64,3,2.0,1.0
063578413,15. 70 A 74,2,1.0,1.0
063578501,0. __tot__,121,61.0,60.0
063578501,1. 00 A 04,16,7.0,9.0
063578501,2. 05 A 09,11,6.0,5.0
063578501,3. 10 A 14,14,6.0,8.0
063578501,4. 15 A 19,5,3.0,2.0
063578501,5. 20 A 24,19,10.0,9.0
063578501,6. 25 A 29,9,5.0,4.0
063578501,7. 30 A 34,12,6.0,6.0
063578501,8. 35 A 39,6,1.0,5.0
063578501,9. 40 A 44,4,4.0,
063578501,10. 45 A 49,8,3.0,5.0
063578501,11. 50 A 54,5,4.0,1.0
063578501,12. 55 A 59,3,3.0,
063578501,13. 60 A 64,3,1.0,2.0
063578501,14. 65 A 69,4,1.0,3.0
063578501,15. 70 A 74,2,1.0,1.0
063578502,0. __tot__,151,71.0,80.0
063578502,1. 00 A 04,7,3.0,4.0
063578502,2. 05 A 09,15,6.0,9.0
063578502,3. 10 A 14,16,8.0,8.0
063578502,4. 15 A 19,13,7.0,6.0
063578502,5. 20 A 24,11,4.0,7.0
063578502,6. 25 A 29,8,5.0,3.0
063578502,7. 30 A 34,8,4.0,4.0
063578502,8. 35 A 39,14,6.0,8.0
063578502,9. 40 A 44,14,7.0,7.0
063578502,10. 45 A 49,9,4.0,5.0
063578502,11. 50 A 54,1,,1.0
063578502,12. 55 A 59,8,4.0,4.0
063578502,13. 60 A 64,5,1.0,4.0
063578502,14. 65 A 69,9,3.0,6.0
063578502,15. 70 A 74,6,3.0,3.0
063578502,16. 75 A 79,3,3.0,
063578502,17. 80 A 84,1,,1.0
063578502,18. 85 A 89,1,1.0,
063578502,19. 90 A 94,2,2.0,
063578503,0. __tot__,135,70.0,65.0
063578503,1. 00 A 04,9,7.0,2.0
063578503,2. 05 A 09,7,3.0,4.0
063578503,3. 10 A 14,12,6.0,6.0
063578503,4. 15 A 19,8,4.0,4.0
063578503,5. 20 A 24,8,4.0,4.0
063578503,6. 25 A 29,4,1.0,3.0
063578503,7. 30 A 34,9,3.0,6.0
063578503,8. 35 A 39,12,9.0,3.0
063578503,9. 40 A 44,12,5.0,7.0
063578503,10. 45 A 49,9,4.0,5.0
063578503,11. 50 A 54,8,5.0,3.0
063578503,12. 55 A 59,7,4.0,3.0
063578503,13. 60 A 64,6,4.0,2.0
063578503,14. 65 A 69,6,4.0,2.0
063578503,15. 70 A 74,9,2.0,7.0
063578503,16. 75 A 79,6,2.0,4.0
063578503,17. 80 A 84,3,3.0,
063578504,0. __tot__,136,71.0,65.0
063578504,1. 00 A 04,7,2.0,5.0
063578504,2. 05 A 09,13,6.0,7.0
063578504,3. 10 A 14,4,3.0,1.0
063578504,4. 15 A 19,7,2.0,5.0
063578504,5. 20 A 24,7,3.0,4.0
063578504,6. 25 A 29,11,9.0,2.0
063578504,7. 30 A 34,11,4.0,7.0
063578504,8. 35 A 39,11,5.0,6.0
063578504,9. 40 A 44,12,8.0,4.0
063578504,10. 45 A 49,11,6.0,5.0
063578504,11. 50 A 54,4,1.0,3.0
063578504,12. 55 A 59,10,5.0,5.0
063578504,13. 60 A 64,10,6.0,4.0
063578504,14. 65 A 69,6,2.0,4.0
063578504,15. 70 A 74,3,2.0,1.0
063578504,16. 75 A 79,5,4.0,1.0
063578504,17. 80 A 84,4,3.0,1.0
063578505,0. __tot__,169,87.0,82.0
063578505,1. 00 A 04,7,2.0,5.0
063578505,2. 05 A 09,19,9.0,10.0
063578505,3. 10 A 14,17,11.0,6.0
063578505,4. 15 A 19,17,8.0,9.0
063578505,5. 20 A 24,8,3.0,5.0
063578505,6. 25 A 29,9,4.0,5.0
063578505,7. 30 A 34,10,7.0,3.0
063578505,8. 35 A 39,18,10.0,8.0
063578505,9. 40 A 44,16,8.0,8.0
063578505,10. 45 A 49,6,3.0,3.0
063578505,11. 50 A 54,9,4.0,5.0
063578505,12. 55 A 59,6,3.0,3.0
063578505,13. 60 A 64,6,4.0,2.0
063578505,14. 65 A 69,4,3.0,1.0
063578505,15. 70 A 74,9,5.0,4.0
063578505,16. 75 A 79,4,1.0,3.0
063578505,17. 80 A 84,1,,1.0
063578505,18. 85 A 89,1,1.0,
063578505,19. 90 A 94,1,1.0,
063578505,20. 95 A 99,1,,1.0
063578506,0. __tot__,136,60.0,76.0
063578506,1. 00 A 04,6,1.0,5.0
063578506,2. 05 A 09,14,6.0,8.0
063578506,3. 10 A 14,11,7.0,4.0
063578506,4. 15 A 19,12,5.0,7.0
063578506,5. 20 A 24,8,4.0,4.0
063578506,6. 25 A 29,3,1.0,2.0
063578506,7. 30 A 34,10,5.0,5.0
063578506,8. 35 A 39,8,5.0,3.0
063578506,9. 40 A 44,16,6.0,10.0
063578506,10. 45 A 49,8,2.0,6.0
063578506,11. 50 A 54,9,2.0,7.0
063578506,12. 55 A 59,5,2.0,3.0
063578506,13. 60 A 64,8,6.0,2.0
063578506,14. 65 A 69,5,3.0,2.0
063578506,15. 70 A 74,7,3.0,4.0
063578506,16. 75 A 79,3,,3.0
063578506,17. 80 A 84,1,,1.0
063578506,18. 85 A 89,1,1.0,
063578506,19. 90 A 94,1,1.0,
063578507,0. __tot__,112,56.0,56.0
063578507,1. 00 A 04,5,3.0,2.0
063578507,2. 05 A 09,13,7.0,6.0
063578507,3. 10 A 14,4,3.0,1.0
063578507,4. 15 A 19,12,4.0,8.0
063578507,5. 20 A 24,1,1.0,
063578507,6. 25 A 29,3,,3.0
063578507,7. 30 A 34,9,5.0,4.0
063578507,8. 35 A 39,14,7.0,7.0
063578507,9. 40 A 44,5,3.0,2.0
063578507,10. 45 A 49,9,4.0,5.0
063578507,11. 50 A 54,7,3.0,4.0
063578507,12. 55 A 59,6,4.0,2.0
063578507,13. 60 A 64,8,2.0,6.0
063578507,14. 65 A 69,11,6.0,5.0
063578507,15. 70 A 74,1,,1.0
063578507,16. 75 A 79,3,3.0,
063578507,17. 80 A 84,1,1.0,
063578508,0. __tot__,164,84.0,80.0
063578508,1. 00 A 04,8,7.0,1.0
063578508,2. 05 A 09,12,5.0,7.0
063578508,3. 10 A 14,12,2.0,10.0
063578508,4. 15 A 19,10,4.0,6.0
063578508,5. 20 A 24,10,4.0,6.0
063578508,6. 25 A 29,10,8.0,2.0
063578508,7. 30 A 34,6,4.0,2.0
063578508,8. 35 A 39,8,4.0,4.0
063578508,9. 40 A 44,13,3.0,10.0
063578508,10. 45 A 49,11,9.0,2.0
063578508,11. 50 A 54,11,2.0,9.0
063578508,12. 55 A 59,12,7.0,5.0
063578508,13. 60 A 64,6,4.0,2.0
063578508,14. 65 A 69,14,10.0,4.0
063578508,15. 70 A 74,4,2.0,2.0
063578508,16. 75 A 79,9,5.0,4.0
063578508,17. 80 A 84,7,3.0,4.0
063578508,20. 95 A 99,1,1.0,
063578509,0. __tot__,141,69.0,72.0
063578509,1. 00 A 04,4,2.0,2.0
063578509,2. 05 A 09,12,5.0,7.0
063578509,3. 10 A 14,8,2.0,6.0
063578509,4. 15 A 19,9,7.0,2.0
063578509,5. 20 A 24,7,3.0,4.0
063578509,6. 25 A 29,8,2.0,6.0
063578509,7. 30 A 34,9,5.0,4.0
063578509,8. 35 A 39,10,5.0,5.0
063578509,9. 40 A 44,7,4.0,3.0
063578509,10. 45 A 49,6,3.0,3.0
063578509,11. 50 A 54,8,3.0,5.0
063578509,12. 55 A 59,12,7.0,5.0
063578509,13. 60 A 64,10,4.0,6.0
063578509,14. 65 A 69,11,5.0,6.0
063578509,15. 70 A 74,7,4.0,3.0
063578509,16. 75 A 79,8,5.0,3.0
063578509,17. 80 A 84,2,1.0,1.0
063578509,18. 85 A 89,2,2.0,
063578509,20. 95 A 99,1,,1.0
063578510,0. __tot__,140,72.0,68.0
063578510,1. 00 A 04,3,2.0,1.0
063578510,2. 05 A 09,7,3.0,4.0
063578510,3. 10 A 14,9,4.0,5.0
063578510,4. 15 A 19,12,7.0,5.0
063578510,5. 20 A 24,7,4.0,3.0
063578510,6. 25 A 29,5,1.0,4.0
063578510,7. 30 A 34,8,3.0,5.0
063578510,8. 35 A 39,14,6.0,8.0
063578510,9. 40 A 44,8,3.0,5.0
063578510,10. 45 A 49,8,7.0,1.0
063578510,11. 50 A 54,15,7.0,8.0
063578510,12. 55 A 59,5,3.0,2.0
063578510,13. 60 A 64,14,7.0,7.0
063578510,14. 65 A 69,10,6.0,4.0
063578510,15. 70 A 74,6,1.0,5.0
063578510,16. 75 A 79,3,2.0,1.0
063578510,17. 80 A 84,1,1.0,
063578510,18. 85 A 89,2,2.0,
063578510,19. 90 A 94,2,2.0,
063578510,20. 95 A 99,1,1.0,
063578511,0. __tot__,56,26.0,30.0
063578511,1. 00 A 04,4,1.0,3.0
063578511,2. 05 A 09,4,2.0,2.0
063578511,3. 10 A 14,3,1.0,2.0
063578511,4. 15 A 19,1,1.0,
063578511,6. 25 A 29,5,3.0,2.0
063578511,7. 30 A 34,4,3.0,1.0
063578511,8. 35 A 39,3,1.0,2.0
063578511,9. 40 A 44,9,4.0,5.0
063578511,10. 45 A 49,4,,4.0
063578511,11. 50 A 54,6,3.0,3.0
063578511,12. 55 A 59,4,2.0,2.0
063578511,13. 60 A 64,3,1.0,2.0
063578511,14. 65 A 69,1,1.0,
063578511,15. 70 A 74,1,1.0,
063578511,16. 75 A 79,4,2.0,2.0
063578512,0. __tot__,74,30.0,44.0
063578512,1. 00 A 04,5,2.0,3.0
063578512,2. 05 A 09,6,2.0,4.0
063578512,3. 10 A 14,6,2.0,4.0
063578512,4. 15 A 19,9,3.0,6.0
063578512,5. 20 A 24,5,3.0,2.0
063578512,6. 25 A 29,2,,2.0
063578512,7. 30 A 34,9,5.0,4.0
063578512,8. 35 A 39,6,1.0,5.0
063578512,9. 40 A 44,9,4.0,5.0
063578512,10. 45 A 49,6,2.0,4.0
063578512,11. 50 A 54,4,4.0,
063578512,12. 55 A 59,6,1.0,5.0
063578512,20. 95 A 99,1,1.0,
063578601,0. __tot__,24,11.0,13.0
063578601,1. 00 A 04,1,1.0,
063578601,2. 05 A 09,1,1.0,
063578601,4. 15 A 19,3,1.0,2.0
063578601,6. 25 A 29,1,,1.0
063578601,7. 30 A 34,3,2.0,1.0
063578601,8. 35 A 39,2,,2.0
063578601,9. 40 A 44,1,,1.0
063578601,10. 45 A 49,2,,2.0
063578601,11. 50 A 54,1,1.0,
063578601,12. 55 A 59,3,1.0,2.0
063578601,13. 60 A 64,1,,1.0
063578601,14. 65 A 69,1,1.0,
063578601,15. 70 A 74,2,1.0,1.0
063578601,17. 80 A 84,1,1.0,
063578601,21. 100 A 104,1,1.0,
063578602,0. __tot__,65,27.0,38.0
063578602,2. 05 A 09,2,1.0,1.0
063578602,3. 10 A 14,3,1.0,2.0
063578602,4. 15 A 19,5,1.0,4.0
063578602,5. 20 A 24,2,,2.0
063578602,6. 25 A 29,3,3.0,
063578602,8. 35 A 39,7,4.0,3.0
063578602,9. 40 A 44,7,1.0,6.0
063578602,10. 45 A 49,5,3.0,2.0
063578602,11. 50 A 54,5,1.0,4.0
063578602,12. 55 A 59,5,4.0,1.0
063578602,13. 60 A 64,6,3.0,3.0
063578602,14. 65 A 69,5,1.0,4.0
063578602,15. 70 A 74,5,2.0,3.0
063578602,16. 75 A 79,3,,3.0
063578602,17. 80 A 84,2,2.0,
063578603,0. __tot__,99,57.0,42.0
063578603,1. 00 A 04,2,1.0,1.0
063578603,2. 05 A 09,2,1.0,1.0
063578603,3. 10 A 14,5,3.0,2.0
063578603,4. 15 A 19,5,3.0,2.0
063578603,5. 20 A 24,7,4.0,3.0
063578603,6. 25 A 29,10,2.0,8.0
063578603,7. 30 A 34,7,7.0,
063578603,8. 35 A 39,5,3.0,2.0
063578603,9. 40 A 44,5,1.0,4.0
063578603,10. 45 A 49,6,5.0,1.0
063578603,11. 50 A 54,9,4.0,5.0
063578603,12. 55 A 59,6,3.0,3.0
063578603,13. 60 A 64,8,5.0,3.0
063578603,14. 65 A 69,8,5.0,3.0
063578603,15. 70 A 74,4,3.0,1.0
063578603,16. 75 A 79,4,2.0,2.0
063578603,17. 80 A 84,4,4.0,
063578603,18. 85 A 89,1,,1.0
063578603,19. 90 A 94,1,1.0,
063578604,0. __tot__,93,49.0,44.0
063578604,1. 00 A 04,5,4.0,1.0
063578604,2. 05 A 09,1,1.0,
063578604,3. 10 A 14,3,3.0,
063578604,4. 15 A 19,8,4.0,4.0
063578604,5. 20 A 24,5,1.0,4.0
063578604,6. 25 A 29,5,4.0,1.0
063578604,7. 30 A 34,6,2.0,4.0
063578604,8. 35 A 39,10,3.0,7.0
063578604,9. 40 A 44,9,6.0,3.0
063578604,10. 45 A 49,6,2.0,4.0
063578604,11. 50 A 54,11,6.0,5.0
063578604,12. 55 A 59,4,1.0,3.0
063578604,13. 60 A 64,4,2.0,2.0
063578604,14. 65 A 69,8,4.0,4.0
063578604,15. 70 A 74,3,2.0,1.0
063578604,16. 75 A 79,4,3.0,1.0
063578604,18. 85 A 89,1,1.0,
063578605,0. __tot__,36,16.0,20.0
063578605,1. 00 A 04,3,2.0,1.0
063578605,2. 05 A 09,1,1.0,
063578605,3. 10 A 14,4,3.0,1.0
063578605,4. 15 A 19,1,,1.0
063578605,5. 20 A 24,2,1.0,1.0
063578605,6. 25 A 29,1,1.0,
063578605,7. 30 A 34,1,1.0,
063578605,8. 35 A 39,5,1.0,4.0
063578605,9. 40 A 44,4,1.0,3.0
063578605,10. 45 A 49,5,1.0,4.0
063578605,11. 50 A 54,4,3.0,1.0
063578605,14. 65 A 69,3,,3.0
063578605,15. 70 A 74,1,,1.0
063578605,17. 80 A 84,1,1.0,
063578606,0. __tot__,14,5.0,9.0
063578606,1. 00 A 04,1,,1.0
063578606,2. 05 A 09,1,,1.0
063578606,6. 25 A 29,2,2.0,
063578606,7. 30 A 34,3,1.0,2.0
063578606,8. 35 A 39,1,,1.0
063578606,9. 40 A 44,2,,2.0
063578606,12. 55 A 59,2,1.0,1.0
063578606,14. 65 A 69,2,1.0,1.0
063578607,0. __tot__,27,14.0,13.0
063578607,1. 00 A 04,1,1.0,
063578607,2. 05 A 09,1,,1.0
063578607,3. 10 A 14,1,,1.0
063578607,4. 15 A 19,2,2.0,
063578607,5. 20 A 24,2,1.0,1.0
063578607,6. 25 A 29,1,,1.0
063578607,7. 30 A 34,1,1.0,
063578607,8. 35 A 39,3,,3.0
063578607,9. 40 A 44,5,3.0,2.0
063578607,11. 50 A 54,1,,1.0
063578607,12. 55 A 59,5,3.0,2.0
063578607,13. 60 A 64,2,1.0,1.0
063578607,17. 80 A 84,1,1.0,
063578607,18. 85 A 89,1,1.0,
063578608,0. __tot__,34,20.0,14.0
063578608,1. 00 A 04,5,4.0,1.0
063578608,2. 05 A 09,6,4.0,2.0
063578608,6. 25 A 29,1,,1.0
063578608,7. 30 A 34,4,2.0,2.0
063578608,8. 35 A 39,3,2.0,1.0
063578608,10. 45 A 49,3,1.0,2.0
063578608,11. 50 A 54,2,2.0,
063578608,12. 55 A 59,1,,1.0
063578608,13. 60 A 64,2,2.0,
063578608,14. 65 A 69,5,2.0,3.0
063578608,15. 70 A 74,2,1.0,1.0
063578609,0. __tot__,67,34.0,33.0
063578609,1. 00 A 04,8,3.0,5.0
063578609,2. 05 A 09,7,4.0,3.0
063578609,3. 10 A 14,5,3.0,2.0
063578609,4. 15 A 19,1,1.0,
063578609,6. 25 A 29,6,2.0,4.0
063578609,8. 35 A 39,6,4.0,2.0
063578609,9. 40 A 44,11,6.0,5.0
063578609,10. 45 A 49,5,2.0,3.0
063578609,11. 50 A 54,3,2.0,1.0
063578609,12. 55 A 59,1,,1.0
063578609,13. 60 A 64,6,5.0,1.0
063578609,14. 65 A 69,4,1.0,3.0
063578609,15. 70 A 74,2,,2.0
063578609,16. 75 A 79,2,1.0,1.0
063578610,0. __tot__,56,24.0,32.0
063578610,1. 00 A 04,3,1.0,2.0
063578610,2. 05 A 09,4,1.0,3.0
063578610,3. 10 A 14,6,2.0,4.0
063578610,4. 15 A 19,3,1.0,2.0
063578610,5. 20 A 24,4,2.0,2.0
063578610,6. 25 A 29,1,,1.0
063578610,7. 30 A 34,5,3.0,2.0
063578610,8. 35 A 39,5,2.0,3.0
063578610,9. 40 A 44,3,1.0,2.0
063578610,10. 45 A 49,4,3.0,1.0
063578610,11. 50 A 54,6,4.0,2.0
063578610,12. 55 A 59,7,1.0,6.0
063578610,13. 60 A 64,1,1.0,
063578610,14. 65 A 69,2,,2.0
063578610,16. 75 A 79,1,1.0,
063578610,19. 90 A 94,1,1.0,
063578611,0. __tot__,49,24.0,25.0
063578611,1. 00 A 04,5,1.0,4.0
063578611,2. 05 A 09,6,3.0,3.0
063578611,3. 10 A 14,2,1.0,1.0
063578611,4. 15 A 19,4,3.0,1.0
063578611,6. 25 A 29,1,1.0,
063578611,7. 30 A 34,6,2.0,4.0
063578611,8. 35 A 39,2,2.0,
063578611,9. 40 A 44,4,1.0,3.0
063578611,10. 45 A 49,3,2.0,1.0
063578611,11. 50 A 54,3,2.0,1.0
063578611,12. 55 A 59,2,,2.0
063578611,13. 60 A 64,1,1.0,
063578611,14. 65 A 69,4,3.0,1.0
063578611,15. 70 A 74,1,,1.0
063578611,16. 75 A 79,2,1.0,1.0
063578611,17. 80 A 84,1,,1.0
063578611,18. 85 A 89,2,1.0,1.0
063578612,0. __tot__,60,23.0,37.0
063578612,1. 00 A 04,4,,4.0
063578612,2. 05 A 09,8,1.0,7.0
063578612,3. 10 A 14,3,2.0,1.0
063578612,4. 15 A 19,2,2.0,
063578612,5. 20 A 24,4,2.0,2.0
063578612,6. 25 A 29,4,2.0,2.0
063578612,7. 30 A 34,6,3.0,3.0
063578612,8. 35 A 39,2,1.0,1.0
063578612,9. 40 A 44,2,1.0,1.0
063578612,10. 45 A 49,3,2.0,1.0
063578612,11. 50 A 54,6,2.0,4.0
063578612,12. 55 A 59,7,1.0,6.0
063578612,13. 60 A 64,1,,1.0
063578612,14. 65 A 69,1,1.0,
063578612,15. 70 A 74,1,,1.0
063578612,16. 75 A 79,4,2.0,2.0
063578612,17. 80 A 84,1,,1.0
063578612,20. 95 A 99,1,1.0,
063578613,0. __tot__,33,14.0,19.0
063578613,1. 00 A 04,1,,1.0
063578613,2. 05 A 09,2,1.0,1.0
063578613,3. 10 A 14,3,,3.0
063578613,4. 15 A 19,3,2.0,1.0
063578613,5. 20 A 24,2,1.0,1.0
063578613,7. 30 A 34,2,1.0,1.0
063578613,8. 35 A 39,1,,1.0
063578613,9. 40 A 44,4,3.0,1.0
063578613,10. 45 A 49,5,2.0,3.0
063578613,11. 50 A 54,4,2.0,2.0
063578613,12. 55 A 59,1,1.0,
063578613,13. 60 A 64,2,,2.0
063578613,14. 65 A 69,2,1.0,1.0
063578613,15. 70 A 74,1,,1.0
063578901,0. __tot__,890,433.0,457.0
063578901,1. 00 A 04,34,18.0,16.0
063578901,2. 05 A 09,70,33.0,37.0
063578901,3. 10 A 14,70,32.0,38.0
063578901,4. 15 A 19,80,33.0,47.0
063578901,5. 20 A 24,65,29.0,36.0
063578901,6. 25 A 29,60,28.0,32.0
063578901,7. 30 A 34,59,29.0,30.0
063578901,8. 35 A 39,51,28.0,23.0
063578901,9. 40 A 44,70,37.0,33.0
063578901,10. 45 A 49,95,49.0,46.0
063578901,11. 50 A 54,74,30.0,44.0
063578901,12. 55 A 59,50,27.0,23.0
063578901,13. 60 A 64,40,25.0,15.0
063578901,14. 65 A 69,22,9.0,13.0
063578901,15. 70 A 74,17,8.0,9.0
063578901,16. 75 A 79,21,12.0,9.0
063578901,17. 80 A 84,6,3.0,3.0
063578901,18. 85 A 89,6,3.0,3.0
063578902,0. __tot__,955,476.0,479.0
063578902,1. 00 A 04,57,28.0,29.0
063578902,2. 05 A 09,83,33.0,50.0
063578902,3. 10 A 14,89,39.0,50.0
063578902,4. 15 A 19,70,35.0,35.0
063578902,5. 20 A 24,55,27.0,28.0
063578902,6. 25 A 29,70,37.0,33.0
063578902,7. 30 A 34,76,37.0,39.0
063578902,8. 35 A 39,56,28.0,28.0
063578902,9. 40 A 44,114,62.0,52.0
063578902,10. 45 A 49,71,37.0,34.0
063578902,11. 50 A 54,54,24.0,30.0
063578902,12. 55 A 59,54,28.0,26.0
063578902,13. 60 A 64,33,17.0,16.0
063578902,14. 65 A 69,27,18.0,9.0
063578902,15. 70 A 74,23,13.0,10.0
063578902,16. 75 A 79,6,3.0,3.0
063578902,17. 80 A 84,11,7.0,4.0
063578902,18. 85 A 89,4,2.0,2.0
063578902,19. 90 A 94,1,,1.0
063578902,20. 95 A 99,1,1.0,
063578903,0. __tot__,693,354.0,339.0
063578903,1. 00 A 04,45,21.0,24.0
063578903,2. 05 A 09,46,26.0,20.0
063578903,3. 10 A 14,54,24.0,30.0
063578903,4. 15 A 19,54,28.0,26.0
063578903,5. 20 A 24,44,22.0,22.0
063578903,6. 25 A 29,23,8.0,15.0
063578903,7. 30 A 34,34,20.0,14.0
063578903,8. 35 A 39,55,27.0,28.0
063578903,9. 40 A 44,54,34.0,20.0
063578903,10. 45 A 49,60,29.0,31.0
063578903,11. 50 A 54,55,24.0,31.0
063578903,12. 55 A 59,49,27.0,22.0
063578903,13. 60 A 64,42,19.0,23.0
063578903,14. 65 A 69,27,15.0,12.0
063578903,15. 70 A 74,27,12.0,15.0
063578903,16. 75 A 79,12,7.0,5.0
063578903,17. 80 A 84,2,2.0,
063578903,18. 85 A 89,9,8.0,1.0
063578903,19. 90 A 94,1,1.0,
063578904,0. __tot__,719,369.0,350.0
063578904,1. 00 A 04,31,17.0,14.0
063578904,2. 05 A 09,44,19.0,25.0
063578904,3. 10 A 14,58,25.0,33.0
063578904,4. 15 A 19,55,24.0,31.0
063578904,5. 20 A 24,49,23.0,26.0
063578904,6. 25 A 29,43,28.0,15.0
063578904,7. 30 A 34,32,15.0,17.0
063578904,8. 35 A 39,44,27.0,17.0
063578904,9. 40 A 44,62,34.0,28.0
063578904,10. 45 A 49,69,35.0,34.0
063578904,11. 50 A 54,70,36.0,34.0
063578904,12. 55 A 59,50,26.0,24.0
063578904,13. 60 A 64,39,22.0,17.0
063578904,14. 65 A 69,32,18.0,14.0
063578904,15. 70 A 74,17,8.0,9.0
063578904,16. 75 A 79,11,5.0,6.0
063578904,17. 80 A 84,5,3.0,2.0
063578904,18. 85 A 89,5,2.0,3.0
063578904,19. 90 A 94,2,1.0,1.0
063578904,20. 95 A 99,1,1.0,
063578905,0. __tot__,933,487.0,446.0
063578905,1. 00 A 04,59,24.0,35.0
063578905,2. 05 A 09,86,47.0,39.0
063578905,3. 10 A 14,100,54.0,46.0
063578905,4. 15 A 19,79,44.0,35.0
063578905,5. 20 A 24,66,39.0,27.0
063578905,6. 25 A 29,49,26.0,23.0
063578905,7. 30 A 34,66,37.0,29.0
063578905,8. 35 A 39,78,36.0,42.0
063578905,9. 40 A 44,87,48.0,39.0
063578905,10. 45 A 49,56,27.0,29.0
063578905,11. 50 A 54,62,36.0,26.0
063578905,12. 55 A 59,43,20.0,23.0
063578905,13. 60 A 64,33,18.0,15.0
063578905,14. 65 A 69,25,13.0,12.0
063578905,15. 70 A 74,21,8.0,13.0
063578905,16. 75 A 79,14,7.0,7.0
063578905,17. 80 A 84,4,1.0,3.0
063578905,18. 85 A 89,2,1.0,1.0
063578905,19. 90 A 94,2,1.0,1.0
063578905,20. 95 A 99,1,,1.0
063578906,0. __tot__,573,283.0,290.0
063578906,1. 00 A 04,34,15.0,19.0
063578906,2. 05 A 09,53,24.0,29.0
063578906,3. 10 A 14,56,27.0,29.0
063578906,4. 15 A 19,32,16.0,16.0
063578906,5. 20 A 24,35,15.0,20.0
063578906,6. 25 A 29,43,23.0,20.0
063578906,7. 30 A 34,40,20.0,20.0
063578906,8. 35 A 39,48,26.0,22.0
063578906,9. 40 A 44,40,25.0,15.0
063578906,10. 45 A 49,40,16.0,24.0
063578906,11. 50 A 54,32,15.0,17.0
063578906,12. 55 A 59,44,22.0,22.0
063578906,13. 60 A 64,20,7.0,13.0
063578906,14. 65 A 69,20,11.0,9.0
063578906,15. 70 A 74,13,7.0,6.0
063578906,16. 75 A 79,11,6.0,5.0
063578906,17. 80 A 84,6,3.0,3.0
063578906,18. 85 A 89,2,2.0,
063578906,19. 90 A 94,3,2.0,1.0
063578906,20. 95 A 99,1,1.0,
063578907,0. __tot__,338,160.0,178.0
063578907,1. 00 A 04,13,2.0,11.0
063578907,2. 05 A 09,14,3.0,11.0
063578907,3. 10 A 14,27,15.0,12.0
063578907,4. 15 A 19,32,10.0,22.0
063578907,5. 20 A 24,33,13.0,20.0
063578907,6. 25 A 29,26,15.0,11.0
063578907,7. 30 A 34,21,11.0,10.0
063578907,8. 35 A 39,18,10.0,8.0
063578907,9. 40 A 44,28,15.0,13.0
063578907,10. 45 A 49,23,9.0,14.0
063578907,11. 50 A 54,24,12.0,12.0
063578907,12. 55 A 59,19,13.0,6.0
063578907,13. 60 A 64,15,8.0,7.0
063578907,14. 65 A 69,9,5.0,4.0
063578907,15. 70 A 74,12,6.0,6.0
063578907,16. 75 A 79,6,3.0,3.0
063578907,17. 80 A 84,12,7.0,5.0
063578907,18. 85 A 89,6,3.0,3.0
063578908,0. __tot__,710,357.0,353.0
063578908,1. 00 A 04,45,20.0,25.0
063578908,2. 05 A 09,55,27.0,28.0
063578908,3. 10 A 14,57,27.0,30.0
063578908,4. 15 A 19,71,37.0,34.0
063578908,5. 20 A 24,53,20.0,33.0
063578908,6. 25 A 29,38,20.0,18.0
063578908,7. 30 A 34,44,25.0,19.0
063578908,8. 35 A 39,72,35.0,37.0
063578908,9. 40 A 44,61,34.0,27.0
063578908,10. 45 A 49,43,16.0,27.0
063578908,11. 50 A 54,46,29.0,17.0
063578908,12. 55 A 59,28,12.0,16.0
063578908,13. 60 A 64,30,13.0,17.0
063578908,14. 65 A 69,25,15.0,10.0
063578908,15. 70 A 74,16,10.0,6.0
063578908,16. 75 A 79,10,6.0,4.0
063578908,17. 80 A 84,8,6.0,2.0
063578908,18. 85 A 89,6,5.0,1.0
063578908,19. 90 A 94,1,,1.0
063578908,20. 95 A 99,1,,1.0
063578909,0. __tot__,464,222.0,242.0
063578909,1. 00 A 04,36,11.0,25.0
063578909,2. 05 A 09,42,24.0,18.0
063578909,3. 10 A 14,41,22.0,19.0
063578909,4. 15 A 19,36,15.0,21.0
063578909,5. 20 A 24,27,11.0,16.0
063578909,6. 25 A 29,12,5.0,7.0
063578909,7. 30 A 34,25,13.0,12.0
063578909,8. 35 A 39,33,20.0,13.0
063578909,9. 40 A 44,49,21.0,28.0
063578909,10. 45 A 49,53,24.0,29.0
063578909,11. 50 A 54,28,13.0,15.0
063578909,12. 55 A 59,31,16.0,15.0
063578909,13. 60 A 64,21,12.0,9.0
063578909,14. 65 A 69,13,7.0,6.0
063578909,15. 70 A 74,12,6.0,6.0
063578909,16. 75 A 79,3,1.0,2.0
063578909,17. 80 A 84,2,1.0,1.0
063578910,0. __tot__,385,202.0,183.0
063578910,1. 00 A 04,25,14.0,11.0
063578910,2. 05 A 09,38,18.0,20.0
063578910,3. 10 A 14,33,17.0,16.0
063578910,4. 15 A 19,35,19.0,16.0
063578910,5. 20 A 24,19,10.0,9.0
063578910,6. 25 A 29,12,8.0,4.0
063578910,7. 30 A 34,7,7.0,
063578910,8. 35 A 39,30,15.0,15.0
063578910,9. 40 A 44,49,28.0,21.0
063578910,10. 45 A 49,44,20.0,24.0
063578910,11. 50 A 54,40,22.0,18.0
063578910,12. 55 A 59,18,7.0,11.0
063578910,13. 60 A 64,8,1.0,7.0
063578910,14. 65 A 69,11,5.0,6.0
063578910,15. 70 A 74,9,6.0,3.0
063578910,16. 75 A 79,5,4.0,1.0
063578910,17. 80 A 84,2,1.0,1.0
063578911,0. __tot__,804,415.0,389.0
063578911,1. 00 A 04,41,20.0,21.0
063578911,2. 05 A 09,55,24.0,31.0
063578911,3. 10 A 14,59,31.0,28.0
063578911,4. 15 A 19,80,42.0,38.0
063578911,5. 20 A 24,52,29.0,23.0
063578911,6. 25 A 29,22,8.0,14.0
063578911,7. 30 A 34,28,13.0,15.0
063578911,8. 35 A 39,61,36.0,25.0
063578911,9. 40 A 44,72,37.0,35.0
063578911,10. 45 A 49,76,39.0,37.0
063578911,11. 50 A 54,89,47.0,42.0
063578911,12. 55 A 59,53,21.0,32.0
063578911,13. 60 A 64,46,26.0,20.0
063578911,14. 65 A 69,30,16.0,14.0
063578911,15. 70 A 74,17,10.0,7.0
063578911,16. 75 A 79,13,7.0,6.0
063578911,17. 80 A 84,6,5.0,1.0
063578911,18. 85 A 89,1,1.0,
063578911,19. 90 A 94,2,2.0,
063578911,20. 95 A 99,1,1.0,
063578912,0. __tot__,503,252.0,251.0
063578912,1. 00 A 04,25,13.0,12.0
063578912,2. 05 A 09,46,21.0,25.0
063578912,3. 10 A 14,53,27.0,26.0
063578912,4. 15 A 19,36,13.0,23.0
063578912,5. 20 A 24,35,18.0,17.0
063578912,6. 25 A 29,16,13.0,3.0
063578912,7. 30 A 34,21,10.0,11.0
063578912,8. 35 A 39,28,15.0,13.0
063578912,9. 40 A 44,54,30.0,24.0
063578912,10. 45 A 49,47,24.0,23.0
063578912,11. 50 A 54,39,21.0,18.0
063578912,12. 55 A 59,43,18.0,25.0
063578912,13. 60 A 64,17,9.0,8.0
063578912,14. 65 A 69,27,13.0,14.0
063578912,15. 70 A 74,7,2.0,5.0
063578912,16. 75 A 79,5,3.0,2.0
063578912,17. 80 A 84,2,,2.0
063578912,18. 85 A 89,1,1.0,
063578912,19. 90 A 94,1,1.0,
063578913,0. __tot__,300,146.0,154.0
063578913,1. 00 A 04,17,7.0,10.0
063578913,2. 05 A 09,28,14.0,14.0
063578913,3. 10 A 14,21,5.0,16.0
063578913,4. 15 A 19,23,13.0,10.0
063578913,5. 20 A 24,14,7.0,7.0
063578913,6. 25 A 29,14,7.0,7.0
063578913,7. 30 A 34,20,12.0,8.0
063578913,8. 35 A 39,23,12.0,11.0
063578913,9. 40 A 44,24,16.0,8.0
063578913,10. 45 A 49,25,10.0,15.0
063578913,11. 50 A 54,30,15.0,15.0
063578913,12. 55 A 59,28,14.0,14.0
063578913,13. 60 A 64,10,3.0,7.0
063578913,14. 65 A 69,10,5.0,5.0
063578913,15. 70 A 74,6,2.0,4.0
063578913,16. 75 A 79,2,1.0,1.0
063578913,17. 80 A 84,3,2.0,1.0
063578913,18. 85 A 89,1,,1.0
063578913,19. 90 A 94,1,1.0,
063578914,0. __tot__,366,171.0,195.0
063578914,1. 00 A 04,19,7.0,12.0
063578914,2. 05 A 09,34,17.0,17.0
063578914,3. 10 A 14,26,11.0,15.0
063578914,4. 15 A 19,41,20.0,21.0
063578914,5. 20 A 24,24,9.0,15.0
063578914,6. 25 A 29,12,5.0,7.0
063578914,7. 30 A 34,16,6.0,10.0
063578914,8. 35 A 39,33,19.0,14.0
063578914,9. 40 A 44,27,12.0,15.0
063578914,10. 45 A 49,44,25.0,19.0
063578914,11. 50 A 54,36,16.0,20.0
063578914,12. 55 A 59,21,9.0,12.0
063578914,13. 60 A 64,17,9.0,8.0
063578914,14. 65 A 69,6,3.0,3.0
063578914,15. 70 A 74,1,,1.0
063578914,16. 75 A 79,4,1.0,3.0
063578914,17. 80 A 84,2,,2.0
063578914,18. 85 A 89,2,1.0,1.0
063578914,19. 90 A 94,1,1.0,
063578915,0. __tot__,471,237.0,234.0
063578915,1. 00 A 04,28,10.0,18.0
063578915,2. 05 A 09,33,15.0,18.0
063578915,3. 10 A 14,37,17.0,20.0
063578915,4. 15 A 19,33,13.0,20.0
063578915,5. 20 A 24,27,20.0,7.0
063578915,6. 25 A 29,21,10.0,11.0
063578915,7. 30 A 34,29,16.0,13.0
063578915,8. 35 A 39,33,19.0,14.0
063578915,9. 40 A 44,53,25.0,28.0
063578915,10. 45 A 49,45,24.0,21.0
063578915,11. 50 A 54,39,21.0,18.0
063578915,12. 55 A 59,36,20.0,16.0
063578915,13. 60 A 64,24,13.0,11.0
063578915,14. 65 A 69,11,4.0,7.0
063578915,15. 70 A 74,13,4.0,9.0
063578915,16. 75 A 79,4,2.0,2.0
063578915,17. 80 A 84,4,3.0,1.0
063578915,18. 85 A 89,1,1.0,
063579001,0. __tot__,608,302.0,306.0
063579001,1. 00 A 04,51,18.0,33.0
063579001,2. 05 A 09,70,38.0,32.0
063579001,3. 10 A 14,53,26.0,27.0
063579001,4. 15 A 19,50,25.0,25.0
063579001,5. 20 A 24,34,19.0,15.0
063579001,6. 25 A 29,43,21.0,22.0
063579001,7. 30 A 34,72,36.0,36.0
063579001,8. 35 A 39,48,25.0,23.0
063579001,9. 40 A 44,46,26.0,20.0
063579001,10. 45 A 49,38,21.0,17.0
063579001,11. 50 A 54,39,16.0,23.0
063579001,12. 55 A 59,16,7.0,9.0
063579001,13. 60 A 64,16,9.0,7.0
063579001,14. 65 A 69,9,4.0,5.0
063579001,15. 70 A 74,11,7.0,4.0
063579001,16. 75 A 79,7,3.0,4.0
063579001,17. 80 A 84,2,,2.0
063579001,18. 85 A 89,2,1.0,1.0
063579001,19. 90 A 94,1,,1.0
063579002,0. __tot__,514,256.0,258.0
063579002,1. 00 A 04,47,22.0,25.0
063579002,2. 05 A 09,57,32.0,25.0
063579002,3. 10 A 14,51,21.0,30.0
063579002,4. 15 A 19,43,22.0,21.0
063579002,5. 20 A 24,9,5.0,4.0
063579002,6. 25 A 29,25,13.0,12.0
063579002,7. 30 A 34,56,31.0,25.0
063579002,8. 35 A 39,76,40.0,36.0
063579002,9. 40 A 44,49,23.0,26.0
063579002,10. 45 A 49,23,12.0,11.0
063579002,11. 50 A 54,19,9.0,10.0
063579002,12. 55 A 59,17,8.0,9.0
063579002,13. 60 A 64,18,9.0,9.0
063579002,14. 65 A 69,10,5.0,5.0
063579002,15. 70 A 74,5,,5.0
063579002,16. 75 A 79,7,3.0,4.0
063579002,17. 80 A 84,2,1.0,1.0
063579003,0. __tot__,517,243.0,274.0
063579003,1. 00 A 04,51,26.0,25.0
063579003,2. 05 A 09,40,18.0,22.0
063579003,3. 10 A 14,27,10.0,17.0
063579003,4. 15 A 19,42,16.0,26.0
063579003,5. 20 A 24,35,20.0,15.0
063579003,6. 25 A 29,33,15.0,18.0
063579003,7. 30 A 34,50,24.0,26.0
063579003,8. 35 A 39,59,27.0,32.0
063579003,9. 40 A 44,37,17.0,20.0
063579003,10. 45 A 49,41,19.0,22.0
063579003,11. 50 A 54,31,13.0,18.0
063579003,12. 55 A 59,24,14.0,10.0
063579003,13. 60 A 64,16,9.0,7.0
063579003,14. 65 A 69,11,6.0,5.0
063579003,15. 70 A 74,4,,4.0
063579003,16. 75 A 79,9,5.0,4.0
063579003,17. 80 A 84,4,2.0,2.0
063579003,18. 85 A 89,2,1.0,1.0
063579003,19. 90 A 94,1,1.0,
063579004,0. __tot__,452,230.0,222.0
063579004,1. 00 A 04,38,23.0,15.0
063579004,2. 05 A 09,41,12.0,29.0
063579004,3. 10 A 14,30,18.0,12.0
063579004,4. 15 A 19,25,12.0,13.0
063579004,5. 20 A 24,29,18.0,11.0
063579004,6. 25 A 29,26,12.0,14.0
063579004,7. 30 A 34,39,18.0,21.0
063579004,8. 35 A 39,50,24.0,26.0
063579004,9. 40 A 44,38,19.0,19.0
063579004,10. 45 A 49,22,12.0,10.0
063579004,11. 50 A 54,21,13.0,8.0
063579004,12. 55 A 59,22,8.0,14.0
063579004,13. 60 A 64,13,6.0,7.0
063579004,14. 65 A 69,16,12.0,4.0
063579004,15. 70 A 74,18,9.0,9.0
063579004,16. 75 A 79,11,7.0,4.0
063579004,17. 80 A 84,6,4.0,2.0
063579004,18. 85 A 89,4,2.0,2.0
063579004,20. 95 A 99,3,1.0,2.0
063579005,0. __tot__,556,278.0,278.0
063579005,1. 00 A 04,30,17.0,13.0
063579005,2. 05 A 09,54,26.0,28.0
063579005,3. 10 A 14,49,23.0,26.0
063579005,4. 15 A 19,42,17.0,25.0
063579005,5. 20 A 24,26,14.0,12.0
063579005,6. 25 A 29,39,20.0,19.0
063579005,7. 30 A 34,42,19.0,23.0
063579005,8. 35 A 39,49,30.0,19.0
063579005,9. 40 A 44,57,29.0,28.0
063579005,10. 45 A 49,35,20.0,15.0
063579005,11. 50 A 54,34,15.0,19.0
063579005,12. 55 A 59,25,8.0,17.0
063579005,13. 60 A 64,21,14.0,7.0
063579005,14. 65 A 69,14,5.0,9.0
063579005,15. 70 A 74,19,10.0,9.0
063579005,16. 75 A 79,12,7.0,5.0
063579005,17. 80 A 84,5,3.0,2.0
063579005,18. 85 A 89,3,1.0,2.0
063579006,0. __tot__,225,120.0,105.0
063579006,1. 00 A 04,15,7.0,8.0
063579006,2. 05 A 09,22,8.0,14.0
063579006,3. 10 A 14,8,6.0,2.0
063579006,4. 15 A 19,10,4.0,6.0
063579006,5. 20 A 24,13,9.0,4.0
063579006,6. 25 A 29,6,3.0,3.0
063579006,7. 30 A 34,14,10.0,4.0
063579006,8. 35 A 39,16,9.0,7.0
063579006,9. 40 A 44,25,14.0,11.0
063579006,10. 45 A 49,13,5.0,8.0
063579006,11. 50 A 54,12,8.0,4.0
063579006,12. 55 A 59,12,6.0,6.0
063579006,13. 60 A 64,15,10.0,5.0
063579006,14. 65 A 69,14,5.0,9.0
063579006,15. 70 A 74,17,9.0,8.0
063579006,16. 75 A 79,7,4.0,3.0
063579006,17. 80 A 84,5,2.0,3.0
063579006,19. 90 A 94,1,1.0,
063579007,0. __tot__,640,314.0,326.0
063579007,1. 00 A 04,50,25.0,25.0
063579007,2. 05 A 09,69,36.0,33.0
063579007,3. 10 A 14,40,15.0,25.0
063579007,4. 15 A 19,32,16.0,16.0
063579007,5. 20 A 24,19,9.0,10.0
063579007,6. 25 A 29,28,14.0,14.0
063579007,7. 30 A 34,31,16.0,15.0
063579007,8. 35 A 39,69,36.0,33.0
063579007,9. 40 A 44,86,46.0,40.0
063579007,10. 45 A 49,72,36.0,36.0
063579007,11. 50 A 54,31,13.0,18.0
063579007,12. 55 A 59,30,16.0,14.0
063579007,13. 60 A 64,20,10.0,10.0
063579007,14. 65 A 69,17,7.0,10.0
063579007,15. 70 A 74,19,8.0,11.0
063579007,16. 75 A 79,13,3.0,10.0
063579007,17. 80 A 84,4,1.0,3.0
063579007,18. 85 A 89,5,4.0,1.0
063579007,19. 90 A 94,4,2.0,2.0
063579007,20. 95 A 99,1,1.0,
063579008,0. __tot__,343,153.0,190.0
063579008,1. 00 A 04,28,5.0,23.0
063579008,2. 05 A 09,31,13.0,18.0
063579008,3. 10 A 14,22,11.0,11.0
063579008,4. 15 A 19,33,13.0,20.0
063579008,5. 20 A 24,14,6.0,8.0
063579008,6. 25 A 29,12,9.0,3.0
063579008,7. 30 A 34,23,11.0,12.0
063579008,8. 35 A 39,33,14.0,19.0
063579008,9. 40 A 44,31,14.0,17.0
063579008,10. 45 A 49,34,14.0,20.0
063579008,11. 50 A 54,28,14.0,14.0
063579008,12. 55 A 59,14,7.0,7.0
063579008,13. 60 A 64,13,9.0,4.0
063579008,14. 65 A 69,11,6.0,5.0
063579008,15. 70 A 74,7,3.0,4.0
063579008,16. 75 A 79,4,2.0,2.0
063579008,17. 80 A 84,4,2.0,2.0
063579008,18. 85 A 89,1,,1.0
063579009,0. __tot__,463,224.0,239.0
063579009,1. 00 A 04,44,17.0,27.0
063579009,2. 05 A 09,48,28.0,20.0
063579009,3. 10 A 14,41,18.0,23.0
063579009,4. 15 A 19,40,21.0,19.0
063579009,5. 20 A 24,25,10.0,15.0
063579009,6. 25 A 29,23,9.0,14.0
063579009,7. 30 A 34,30,15.0,15.0
063579009,8. 35 A 39,45,26.0,19.0
063579009,9. 40 A 44,41,17.0,24.0
063579009,10. 45 A 49,44,24.0,20.0
063579009,11. 50 A 54,18,9.0,9.0
063579009,12. 55 A 59,14,6.0,8.0
063579009,13. 60 A 64,14,7.0,7.0
063579009,14. 65 A 69,15,7.0,8.0
063579009,15. 70 A 74,9,2.0,7.0
063579009,16. 75 A 79,6,3.0,3.0
063579009,17. 80 A 84,2,2.0,
063579009,18. 85 A 89,3,2.0,1.0
063579009,19. 90 A 94,1,1.0,
063579010,0. __tot__,276,122.0,154.0
063579010,1. 00 A 04,20,13.0,7.0
063579010,2. 05 A 09,21,6.0,15.0
063579010,3. 10 A 14,24,7.0,17.0
063579010,4. 15 A 19,20,9.0,11.0
063579010,5. 20 A 24,7,3.0,4.0
063579010,6. 25 A 29,7,4.0,3.0
063579010,7. 30 A 34,21,12.0,9.0
063579010,8. 35 A 39,42,21.0,21.0
063579010,9. 40 A 44,28,12.0,16.0
063579010,10. 45 A 49,24,9.0,15.0
063579010,11. 50 A 54,15,7.0,8.0
063579010,12. 55 A 59,12,4.0,8.0
063579010,13. 60 A 64,7,2.0,5.0
063579010,14. 65 A 69,9,5.0,4.0
063579010,15. 70 A 74,12,4.0,8.0
063579010,16. 75 A 79,3,1.0,2.0
063579010,17. 80 A 84,2,1.0,1.0
063579010,18. 85 A 89,1,1.0,
063579010,19. 90 A 94,1,1.0,
063579011,0. __tot__,279,136.0,143.0
063579011,1. 00 A 04,21,9.0,12.0
063579011,2. 05 A 09,36,16.0,20.0
063579011,3. 10 A 14,22,14.0,8.0
063579011,4. 15 A 19,22,13.0,9.0
063579011,5. 20 A 24,10,2.0,8.0
063579011,6. 25 A 29,18,9.0,9.0
063579011,7. 30 A 34,23,14.0,9.0
063579011,8. 35 A 39,28,13.0,15.0
063579011,9. 40 A 44,30,17.0,13.0
063579011,10. 45 A 49,26,9.0,17.0
063579011,11. 50 A 54,12,4.0,8.0
063579011,12. 55 A 59,10,5.0,5.0
063579011,13. 60 A 64,7,4.0,3.0
063579011,14. 65 A 69,8,4.0,4.0
063579011,15. 70 A 74,1,1.0,
063579011,16. 75 A 79,2,1.0,1.0
063579011,17. 80 A 84,1,1.0,
063579011,18. 85 A 89,2,,2.0
063579101,0. __tot__,1293,653.0,640.0
063579101,1. 00 A 04,84,38.0,46.0
063579101,2. 05 A 09,148,72.0,76.0
063579101,3. 10 A 14,170,81.0,89.0
063579101,4. 15 A 19,116,67.0,49.0
063579101,5. 20 A 24,58,30.0,28.0
063579101,6. 25 A 29,27,12.0,15.0
063579101,7. 30 A 34,48,29.0,19.0
063579101,8. 35 A 39,74,41.0,33.0
063579101,9. 40 A 44,161,88.0,73.0
063579101,10. 45 A 49,165,89.0,76.0
063579101,11. 50 A 54,104,46.0,58.0
063579101,12. 55 A 59,50,21.0,29.0
063579101,13. 60 A 64,30,12.0,18.0
063579101,14. 65 A 69,19,6.0,13.0
063579101,15. 70 A 74,19,10.0,9.0
063579101,16. 75 A 79,12,5.0,7.0
063579101,17. 80 A 84,5,4.0,1.0
063579101,18. 85 A 89,3,2.0,1.0
063579102,0. __tot__,412,202.0,210.0
063579102,1. 00 A 04,52,25.0,27.0
063579102,2. 05 A 09,53,27.0,26.0
063579102,3. 10 A 14,40,18.0,22.0
063579102,4. 15 A 19,31,18.0,13.0
063579102,5. 20 A 24,34,23.0,11.0
063579102,6. 25 A 29,58,29.0,29.0
063579102,7. 30 A 34,29,10.0,19.0
063579102,8. 35 A 39,21,10.0,11.0
063579102,9. 40 A 44,19,10.0,9.0
063579102,10. 45 A 49,20,12.0,8.0
063579102,11. 50 A 54,20,6.0,14.0
063579102,12. 55 A 59,12,5.0,7.0
063579102,13. 60 A 64,8,4.0,4.0
063579102,14. 65 A 69,8,1.0,7.0
063579102,15. 70 A 74,3,2.0,1.0
063579102,16. 75 A 79,2,,2.0
063579102,18. 85 A 89,1,1.0,
063579102,19. 90 A 94,1,1.0,
063579103,0. __tot__,219,109.0,110.0
063579103,1. 00 A 04,19,7.0,12.0
063579103,2. 05 A 09,35,19.0,16.0
063579103,3. 10 A 14,22,10.0,12.0
063579103,4. 15 A 19,16,9.0,7.0
063579103,5. 20 A 24,19,10.0,9.0
063579103,6. 25 A 29,20,15.0,5.0
063579103,7. 30 A 34,19,6.0,13.0
063579103,8. 35 A 39,10,5.0,5.0
063579103,9. 40 A 44,11,7.0,4.0
063579103,10. 45 A 49,15,7.0,8.0
063579103,11. 50 A 54,4,1.0,3.0
063579103,12. 55 A 59,8,5.0,3.0
063579103,13. 60 A 64,3,2.0,1.0
063579103,14. 65 A 69,9,2.0,7.0
063579103,15. 70 A 74,7,3.0,4.0
063579103,16. 75 A 79,1,1.0,
063579103,17. 80 A 84,1,,1.0
063579104,0. __tot__,1673,847.0,826.0
063579104,1. 00 A 04,151,76.0,75.0
063579104,2. 05 A 09,224,129.0,95.0
063579104,3. 10 A 14,203,96.0,107.0
063579104,4. 15 A 19,107,54.0,53.0
063579104,5. 20 A 24,46,23.0,23.0
063579104,6. 25 A 29,36,20.0,16.0
063579104,7. 30 A 34,80,52.0,28.0
063579104,8. 35 A 39,157,85.0,72.0
063579104,9. 40 A 44,231,121.0,110.0
063579104,10. 45 A 49,176,81.0,95.0
063579104,11. 50 A 54,103,46.0,57.0
063579104,12. 55 A 59,41,12.0,29.0
063579104,13. 60 A 64,41,16.0,25.0
063579104,14. 65 A 69,32,15.0,17.0
063579104,15. 70 A 74,23,12.0,11.0
063579104,16. 75 A 79,9,4.0,5.0
063579104,17. 80 A 84,10,3.0,7.0
063579104,18. 85 A 89,2,2.0,
063579104,19. 90 A 94,1,,1.0
063579105,0. __tot__,194,88.0,106.0
063579105,1. 00 A 04,14,2.0,12.0
063579105,2. 05 A 09,14,8.0,6.0
063579105,3. 10 A 14,23,12.0,11.0
063579105,4. 15 A 19,11,5.0,6.0
063579105,5. 20 A 24,15,5.0,10.0
063579105,6. 25 A 29,17,9.0,8.0
063579105,7. 30 A 34,21,8.0,13.0
063579105,8. 35 A 39,11,7.0,4.0
063579105,9. 40 A 44,16,8.0,8.0
063579105,10. 45 A 49,11,5.0,6.0
063579105,11. 50 A 54,12,5.0,7.0
063579105,12. 55 A 59,11,6.0,5.0
063579105,13. 60 A 64,4,1.0,3.0
063579105,14. 65 A 69,6,4.0,2.0
063579105,15. 70 A 74,4,1.0,3.0
063579105,16. 75 A 79,4,2.0,2.0
063579106,0. __tot__,254,134.0,120.0
063579106,1. 00 A 04,22,9.0,13.0
063579106,2. 05 A 09,28,16.0,12.0
063579106,3. 10 A 14,33,17.0,16.0
063579106,4. 15 A 19,18,11.0,7.0
063579106,5. 20 A 24,20,10.0,10.0
063579106,6. 25 A 29,24,14.0,10.0
063579106,7. 30 A 34,32,16.0,16.0
063579106,8. 35 A 39,10,5.0,5.0
063579106,9. 40 A 44,10,6.0,4.0
063579106,10. 45 A 49,16,8.0,8.0
063579106,11. 50 A 54,9,5.0,4.0
063579106,12. 55 A 59,18,12.0,6.0
063579106,13. 60 A 64,8,3.0,5.0
063579106,14. 65 A 69,2,1.0,1.0
063579106,15. 70 A 74,2,1.0,1.0
063579106,17. 80 A 84,1,,1.0
063579106,20. 95 A 99,1,,1.0
063579107,0. __tot__,396,187.0,209.0
063579107,1. 00 A 04,30,12.0,18.0
063579107,2. 05 A 09,43,18.0,25.0
063579107,3. 10 A 14,34,13.0,21.0
063579107,4. 15 A 19,29,10.0,19.0
063579107,5. 20 A 24,19,11.0,8.0
063579107,6. 25 A 29,40,22.0,18.0
063579107,7. 30 A 34,43,26.0,17.0
063579107,8. 35 A 39,40,13.0,27.0
063579107,9. 40 A 44,26,16.0,10.0
063579107,10. 45 A 49,21,9.0,12.0
063579107,11. 50 A 54,21,15.0,6.0
063579107,12. 55 A 59,14,3.0,11.0
063579107,13. 60 A 64,14,7.0,7.0
063579107,14. 65 A 69,4,2.0,2.0
063579107,15. 70 A 74,14,8.0,6.0
063579107,16. 75 A 79,2,1.0,1.0
063579107,18. 85 A 89,2,1.0,1.0
063579108,0. __tot__,306,142.0,164.0
063579108,1. 00 A 04,33,13.0,20.0
063579108,2. 05 A 09,23,9.0,14.0
063579108,3. 10 A 14,23,8.0,15.0
063579108,4. 15 A 19,14,8.0,6.0
063579108,5. 20 A 24,10,5.0,5.0
063579108,6. 25 A 29,9,6.0,3.0
063579108,7. 30 A 34,21,13.0,8.0
063579108,8. 35 A 39,46,26.0,20.0
063579108,9. 40 A 44,36,15.0,21.0
063579108,10. 45 A 49,22,8.0,14.0
063579108,11. 50 A 54,31,17.0,14.0
063579108,12. 55 A 59,18,7.0,11.0
063579108,13. 60 A 64,9,2.0,7.0
063579108,14. 65 A 69,7,2.0,5.0
063579108,15. 70 A 74,1,,1.0
063579108,16. 75 A 79,2,2.0,
063579108,18. 85 A 89,1,1.0,
063579109,0. __tot__,358,178.0,180.0
063579109,1. 00 A 04,29,13.0,16.0
063579109,2. 05 A 09,43,21.0,22.0
063579109,3. 10 A 14,23,9.0,14.0
063579109,4. 15 A 19,29,16.0,13.0
063579109,5. 20 A 24,10,6.0,4.0
063579109,6. 25 A 29,10,6.0,4.0
063579109,7. 30 A 34,25,13.0,12.0
063579109,8. 35 A 39,52,29.0,23.0
063579109,9. 40 A 44,50,22.0,28.0
063579109,10. 45 A 49,26,12.0,14.0
063579109,11. 50 A 54,19,10.0,9.0
063579109,12. 55 A 59,11,5.0,6.0
063579109,13. 60 A 64,9,6.0,3.0
063579109,14. 65 A 69,11,3.0,8.0
063579109,15. 70 A 74,5,3.0,2.0
063579109,16. 75 A 79,4,2.0,2.0
063579109,17. 80 A 84,2,2.0,
063579110,0. __tot__,439,228.0,211.0
063579110,1. 00 A 04,39,18.0,21.0
063579110,2. 05 A 09,44,23.0,21.0
063579110,3. 10 A 14,45,22.0,23.0
063579110,4. 15 A 19,31,19.0,12.0
063579110,5. 20 A 24,16,12.0,4.0
063579110,6. 25 A 29,9,8.0,1.0
063579110,7. 30 A 34,24,13.0,11.0
063579110,8. 35 A 39,63,30.0,33.0
063579110,9. 40 A 44,47,24.0,23.0
063579110,10. 45 A 49,40,21.0,19.0
063579110,11. 50 A 54,19,7.0,12.0
063579110,12. 55 A 59,18,9.0,9.0
063579110,13. 60 A 64,12,6.0,6.0
063579110,14. 65 A 69,13,8.0,5.0
063579110,15. 70 A 74,9,4.0,5.0
063579110,16. 75 A 79,5,1.0,4.0
063579110,17. 80 A 84,4,2.0,2.0
063579110,18. 85 A 89,1,1.0,
063579111,0. __tot__,323,159.0,164.0
063579111,1. 00 A 04,24,12.0,12.0
063579111,2. 05 A 09,33,17.0,16.0
063579111,3. 10 A 14,34,19.0,15.0
063579111,4. 15 A 19,29,14.0,15.0
063579111,5. 20 A 24,9,5.0,4.0
063579111,6. 25 A 29,3,2.0,1.0
063579111,7. 30 A 34,16,8.0,8.0
063579111,8. 35 A 39,42,19.0,23.0
063579111,9. 40 A 44,51,23.0,28.0
063579111,10. 45 A 49,25,13.0,12.0
063579111,11. 50 A 54,18,11.0,7.0
063579111,12. 55 A 59,9,3.0,6.0
063579111,13. 60 A 64,7,3.0,4.0
063579111,14. 65 A 69,7,2.0,5.0
063579111,15. 70 A 74,11,5.0,6.0
063579111,16. 75 A 79,3,1.0,2.0
063579111,17. 80 A 84,1,1.0,
063579111,20. 95 A 99,1,1.0,
063579801,0. __tot__,795,408.0,387.0
063579801,1. 00 A 04,40,17.0,23.0
063579801,2. 05 A 09,73,37.0,36.0
063579801,3. 10 A 14,59,26.0,33.0
063579801,4. 15 A 19,54,27.0,27.0
063579801,5. 20 A 24,61,27.0,34.0
063579801,6. 25 A 29,46,29.0,17.0
063579801,7. 30 A 34,54,31.0,23.0
063579801,8. 35 A 39,65,32.0,33.0
063579801,9. 40 A 44,76,44.0,32.0
063579801,10. 45 A 49,62,33.0,29.0
063579801,11. 50 A 54,47,23.0,24.0
063579801,12. 55 A 59,30,14.0,16.0
063579801,13. 60 A 64,41,23.0,18.0
063579801,14. 65 A 69,34,17.0,17.0
063579801,15. 70 A 74,24,9.0,15.0
063579801,16. 75 A 79,15,10.0,5.0
063579801,17. 80 A 84,8,4.0,4.0
063579801,18. 85 A 89,4,3.0,1.0
063579801,19. 90 A 94,2,2.0,
063579802,0. __tot__,531,256.0,275.0
063579802,1. 00 A 04,25,10.0,15.0
063579802,2. 05 A 09,45,16.0,29.0
063579802,3. 10 A 14,48,23.0,25.0
063579802,4. 15 A 19,38,13.0,25.0
063579802,5. 20 A 24,25,9.0,16.0
063579802,6. 25 A 29,28,16.0,12.0
063579802,7. 30 A 34,31,18.0,13.0
063579802,8. 35 A 39,43,22.0,21.0
063579802,9. 40 A 44,49,27.0,22.0
063579802,10. 45 A 49,48,25.0,23.0
063579802,11. 50 A 54,38,17.0,21.0
063579802,12. 55 A 59,26,16.0,10.0
063579802,13. 60 A 64,28,13.0,15.0
063579802,14. 65 A 69,20,10.0,10.0
063579802,15. 70 A 74,16,8.0,8.0
063579802,16. 75 A 79,13,8.0,5.0
063579802,17. 80 A 84,6,4.0,2.0
063579802,18. 85 A 89,3,1.0,2.0
063579802,19. 90 A 94,1,,1.0
063579803,0. __tot__,446,231.0,215.0
063579803,1. 00 A 04,24,8.0,16.0
063579803,2. 05 A 09,50,22.0,28.0
063579803,3. 10 A 14,42,19.0,23.0
063579803,4. 15 A 19,25,12.0,13.0
063579803,5. 20 A 24,18,12.0,6.0
063579803,6. 25 A 29,24,14.0,10.0
063579803,7. 30 A 34,39,25.0,14.0
063579803,8. 35 A 39,55,29.0,26.0
063579803,9. 40 A 44,46,22.0,24.0
063579803,10. 45 A 49,16,7.0,9.0
063579803,11. 50 A 54,19,9.0,10.0
063579803,12. 55 A 59,16,9.0,7.0
063579803,13. 60 A 64,22,13.0,9.0
063579803,14. 65 A 69,14,7.0,7.0
063579803,15. 70 A 74,15,7.0,8.0
063579803,16. 75 A 79,10,8.0,2.0
063579803,17. 80 A 84,7,5.0,2.0
063579803,18. 85 A 89,2,2.0,
063579803,20. 95 A 99,2,1.0,1.0
063579804,0. __tot__,436,220.0,216.0
063579804,1. 00 A 04,28,16.0,12.0
063579804,2. 05 A 09,42,21.0,21.0
063579804,3. 10 A 14,38,18.0,20.0
063579804,4. 15 A 19,21,8.0,13.0
063579804,5. 20 A 24,15,7.0,8.0
063579804,6. 25 A 29,32,16.0,16.0
063579804,7. 30 A 34,27,13.0,14.0
063579804,8. 35 A 39,54,29.0,25.0
063579804,9. 40 A 44,32,15.0,17.0
063579804,10. 45 A 49,27,13.0,14.0
063579804,11. 50 A 54,26,13.0,13.0
063579804,12. 55 A 59,21,9.0,12.0
063579804,13. 60 A 64,19,11.0,8.0
063579804,14. 65 A 69,15,7.0,8.0
063579804,15. 70 A 74,14,7.0,7.0
063579804,16. 75 A 79,13,9.0,4.0
063579804,17. 80 A 84,7,4.0,3.0
063579804,18. 85 A 89,4,3.0,1.0
063579804,19. 90 A 94,1,1.0,
063579805,0. __tot__,537,264.0,273.0
063579805,1. 00 A 04,40,19.0,21.0
063579805,2. 05 A 09,56,27.0,29.0
063579805,3. 10 A 14,39,19.0,20.0
063579805,4. 15 A 19,42,19.0,23.0
063579805,5. 20 A 24,38,22.0,16.0
063579805,6. 25 A 29,46,21.0,25.0
063579805,7. 30 A 34,37,14.0,23.0
063579805,8. 35 A 39,35,15.0,20.0
063579805,9. 40 A 44,43,23.0,20.0
063579805,10. 45 A 49,40,17.0,23.0
063579805,11. 50 A 54,28,16.0,12.0
063579805,12. 55 A 59,26,14.0,12.0
063579805,13. 60 A 64,24,12.0,12.0
063579805,14. 65 A 69,15,9.0,6.0
063579805,15. 70 A 74,13,8.0,5.0
063579805,16. 75 A 79,7,4.0,3.0
063579805,17. 80 A 84,4,1.0,3.0
063579805,18. 85 A 89,2,2.0,
063579805,19. 90 A 94,2,2.0,
063579806,0. __tot__,430,227.0,203.0
063579806,1. 00 A 04,30,16.0,14.0
063579806,2. 05 A 09,44,22.0,22.0
063579806,3. 10 A 14,35,20.0,15.0
063579806,4. 15 A 19,34,19.0,15.0
063579806,5. 20 A 24,27,16.0,11.0
063579806,6. 25 A 29,21,11.0,10.0
063579806,7. 30 A 34,39,20.0,19.0
063579806,8. 35 A 39,35,15.0,20.0
063579806,9. 40 A 44,35,20.0,15.0
063579806,10. 45 A 49,24,10.0,14.0
063579806,11. 50 A 54,34,18.0,16.0
063579806,12. 55 A 59,16,8.0,8.0
063579806,13. 60 A 64,15,9.0,6.0
063579806,14. 65 A 69,17,6.0,11.0
063579806,15. 70 A 74,12,7.0,5.0
063579806,16. 75 A 79,6,5.0,1.0
063579806,17. 80 A 84,2,1.0,1.0
063579806,18. 85 A 89,2,2.0,
063579806,19. 90 A 94,1,1.0,
063579806,20. 95 A 99,1,1.0,
063579807,0. __tot__,398,206.0,192.0
063579807,1. 00 A 04,23,12.0,11.0
063579807,2. 05 A 09,43,23.0,20.0
063579807,3. 10 A 14,35,19.0,16.0
063579807,4. 15 A 19,34,19.0,15.0
063579807,5. 20 A 24,27,13.0,14.0
063579807,6. 25 A 29,20,10.0,10.0
063579807,7. 30 A 34,19,10.0,9.0
063579807,8. 35 A 39,42,19.0,23.0
063579807,9. 40 A 44,42,27.0,15.0
063579807,10. 45 A 49,32,15.0,17.0
063579807,11. 50 A 54,22,11.0,11.0
063579807,12. 55 A 59,12,5.0,7.0
063579807,13. 60 A 64,19,8.0,11.0
063579807,14. 65 A 69,13,6.0,7.0
063579807,15. 70 A 74,6,4.0,2.0
063579807,16. 75 A 79,6,3.0,3.0
063579807,17. 80 A 84,2,1.0,1.0
063579807,20. 95 A 99,1,1.0,
